,LoadConsumption,Beroepsbevolking|Seizoengecorrigeerd,Werkzame beroepsbevolking|Seizoengecorrigeerd,Werkloze beroepsbevolking|Seizoengecorrigeerd,Prijsindex verkoopprijzen|Prijsindex bestaande koopwoningen,Prijsindex verkoopprijzen|Ontwikkeling  t.o.v. voorgaande periode,Prijsindex verkoopprijzen|Ontwikkeling  t.o.v. een jaar eerder,Aantal verkochte woningen|Aantal verkochte woningen,Aantal verkochte woningen|Ontwikkeling  t.o.v. voorgaande periode,Aantal verkochte woningen|Ontwikkeling  t.o.v. een jaar eerder,Gemiddelde verkoopprijs,Totale waarde verkoopprijzen,CPI | 2015 = 100,CPI afgeleid | 2015 = 100,Jaarmutatie CPI | %,Jaarmutatie CPI afgeleid | %,Opbouw bbp vanuit de finale bestedingen|Beschikbaar voor finale bestedingen|Totaal,Opbouw bbp vanuit de finale bestedingen|Beschikbaar voor finale bestedingen|Bruto binnenlands product,"Opbouw bbp vanuit de finale bestedingen|Beschikbaar voor finale bestedingen|Bbp, gecorrigeerd voor werkdageneffecten",Opbouw bbp vanuit de finale bestedingen|Beschikbaar voor finale bestedingen|Invoer van goederen en diensten|Totaal,Opbouw bbp vanuit de finale bestedingen|Beschikbaar voor finale bestedingen|Invoer van goederen en diensten|Goederen,Opbouw bbp vanuit de finale bestedingen|Beschikbaar voor finale bestedingen|Invoer van goederen en diensten|Diensten,Opbouw bbp vanuit de finale bestedingen|Finale bestedingen|Totaal,Opbouw bbp vanuit de finale bestedingen|Finale bestedingen|Nationale finale bestedingen|Totaal,Opbouw bbp vanuit de finale bestedingen|Finale bestedingen|Nationale finale bestedingen|Consumptieve bestedingen|Totaal,Opbouw bbp vanuit de finale bestedingen|Finale bestedingen|Nationale finale bestedingen|Consumptieve bestedingen|Huishoudens,Opbouw bbp vanuit de finale bestedingen|Finale bestedingen|Nationale finale bestedingen|Consumptieve bestedingen|Overheid,Opbouw bbp vanuit de finale bestedingen|Finale bestedingen|Nationale finale bestedingen|Bruto investeringen in vaste activa|Totaal,Opbouw bbp vanuit de finale bestedingen|Finale bestedingen|Nationale finale bestedingen|Bruto investeringen in vaste activa|Bedrijven en huishoudens,Opbouw bbp vanuit de finale bestedingen|Finale bestedingen|Nationale finale bestedingen|Bruto investeringen in vaste activa|Overheid,Opbouw bbp vanuit de finale bestedingen|Finale bestedingen|Nationale finale bestedingen|Verandering in voorraden,Opbouw bbp vanuit de finale bestedingen|Finale bestedingen|Uitvoer van goederen en diensten|Totaal,Opbouw bbp vanuit de finale bestedingen|Finale bestedingen|Uitvoer van goederen en diensten|Goederen,Opbouw bbp vanuit de finale bestedingen|Finale bestedingen|Uitvoer van goederen en diensten|Diensten,"Crude oil, average | ($/bbl)","Crude oil, Brent | ($/bbl)","Crude oil, Dubai | ($/bbl)","Crude oil, WTI | ($/bbl)","Coal, Australian | ($/mt)","Coal, South African ** | ($/mt)","Natural gas, US | ($/mmbtu)","Natural gas, Europe | ($/mmbtu)","Liquefied natural gas, Japan | ($/mmbtu)",Natural gas index | (2010=100),euro per m3,euro per m3.1,euro per m3.2,euro per kWh,euro per kWh.1,euro per kWh.2,nat,DailyPrecipitation,MaxHourlyPrecipitation,HDMaxPrecipitation,DailyMeanTemperature,HourlyMinTemperature,HDMinTemperature,HourlyMaxTemperature,HDMaxTemperature,DailyMeanWindspeed,MaxHourlyMeanWindspeed,HDMaxMeanWindspeed,MinHourlyMeanWindspeed,HDMinMeanWindspeed,Month,Year,Week,WeekKey,sic,NAO
LoadConsumption,1.0,-0.02338589559523047,-0.038988619924197436,0.07267739133508591,-0.07662716882970014,-0.007871206416575061,-0.052950171364388524,0.06218169216349735,0.01251630350417651,0.05489652812396411,-0.07054757844850922,0.015270405128025997,-0.025570027157566375,-0.03569921369719179,-0.10117251649371038,-0.11690359573273873,0.10246787637481744,0.12313558845096391,0.11882560310886849,0.08203309796123676,0.06224954129388282,0.05420077853454061,0.10246787637481744,0.0876792751566695,0.10883377616298982,0.12142429755866158,-0.01765606903811352,0.06247576509305524,0.07363116769872531,-0.05344723274005056,0.0931633999588057,0.08227201267144316,0.027541542701429264,0.08938933218425242,-0.04174148835204223,-0.04011976780459015,-0.04022100601528072,-0.0443568863109159,-0.0674738965610674,-0.06474028491244385,-0.03919340486666708,-0.045899537636079145,-0.037449664963872496,-0.05271331481594488,-0.05021067442081932,-0.07185789493244418,-0.0595879440913975,0.08496377482834744,-0.11876612561450262,-0.06982354348650824,0.05045950610759044,0.04128259693432866,0.03458482783404251,0.03426863537381956,-0.052449432451657015,-0.018419464135759785,0.032761700109522555,-0.06805695998412499,-0.034876289295552955,0.0059728456973374535,-0.0025149216243811703,-0.026847477634451517,0.03173579860122309,0.007768070163326981,0.25107389934181773,-0.028160288222781542,0.24923175925121638,-0.021293019894626092,-0.12089925308023908,0.014495378277234367
Beroepsbevolking|Seizoengecorrigeerd,-0.02338589559523047,1.0,0.9742179988422743,-0.5072876340006135,0.8531588574526167,0.1219610317163501,0.27932074775793014,0.19920432962818993,0.13870119388840246,-0.10093633168201388,0.8945894511625568,0.4571958060818587,0.9846311524770472,0.9801605859096232,0.5486936075449511,0.38330079347157897,-0.4087533922553462,-0.5284912718963978,-0.640728904633434,-0.3421892971969321,-0.23069067480408117,-0.4505076634315598,-0.4087533922553462,-0.3517224170517705,-0.6555523118318001,-0.6575205577783704,-0.0946419800735043,-0.050868356811875744,-0.14330525105853195,0.5805798029818506,-0.030443459175410865,-0.4190114776209917,-0.09458384534801761,-0.6402300187748237,-0.03553208541094419,-0.036692796509506,-0.0032076569153294027,-0.06835429747407452,0.6060425736738184,0.49300198343341045,-0.46449769110854994,0.2596487647344056,0.3210070858780875,-0.08835156059285416,0.8858495437151694,0.8687398276831901,0.6493677020657505,0.21520236101284035,0.7324178591400631,0.7251094525144315,0.4044592758642553,0.034920068835934924,0.03784174793895299,-0.011534841584058118,0.05587780206846256,0.054996795922750905,0.007032434114905985,0.046107553767261264,-0.002362210002471011,-0.022811086436290984,-0.021945545238817248,-0.007932466093815548,-0.02346795501411705,-0.0003010784957771634,0.06201774481861519,0.9546589688725446,0.0596498244642265,0.9559436886659265,0.1575107512274107,0.050139013092482275
Werkzame beroepsbevolking|Seizoengecorrigeerd,-0.038988619924197436,0.9742179988422743,1.0,-0.6886314076060254,0.9291428365714334,0.13433999094884005,0.3493923104158369,0.23305567664903995,0.11222772414405233,-0.22147074424773958,0.9517999748864476,0.4936801999891842,0.949592639160767,0.9492590986636422,0.6028819142098113,0.4745309075239284,-0.41874812442558185,-0.5257263384381423,-0.6336984470246437,-0.35364733790842695,-0.23788363472939653,-0.4691850029399128,-0.41874812442558185,-0.3225370002944703,-0.6316949492401494,-0.6814697968450824,0.04027239475198737,-0.024287213140656724,-0.12918159169719642,0.6447562815043266,-0.07800204139871243,-0.45135642894821043,-0.08785123490208205,-0.6774454365420114,-0.045497404690010054,-0.051380571665440716,-0.020604297846823137,-0.06485435140383355,0.6623287368387316,0.5503497096830186,-0.35261154491654934,0.2899604989589938,0.25110708169093754,-0.006686140458251881,0.9120886430296161,0.8923778327603312,0.6597514674988287,0.20185427122408695,0.7797998420041397,0.7334615581875882,0.40318589652317016,0.031911620836035624,0.03462685799554657,-0.015554922134479116,0.05566468437916429,0.05249718172732178,0.005488899291989163,0.047571104880744015,-0.005216382948111249,-0.02418361401422848,-0.026671457963777956,-0.01457953296122316,-0.02268926045886015,-0.0009777678980044506,0.053601607245369026,0.9042376548187007,0.0508171784312216,0.9052983248887891,0.19424477440165927,0.029479935698718124
Werkloze beroepsbevolking|Seizoengecorrigeerd,0.07267739133508591,-0.5072876340006135,-0.6886314076060254,1.0,-0.8070556113459434,-0.12120769118484966,-0.43656271090308263,-0.24996494530103786,0.016966504389707673,0.5216523285326033,-0.7604168447465497,-0.4163869419003538,-0.46254963925244547,-0.4756173566567104,-0.53902085462059,-0.5802909646604789,0.2861977435254251,0.3099886135679699,0.36171384786165933,0.2513851889098896,0.16741362487753633,0.34468260166881376,0.2861977435254251,0.1020041531059615,0.3062860714254845,0.49009982885411363,-0.4580349552016957,-0.07007946422464291,0.03352978456541051,-0.5969259896790798,0.2002826123858906,0.3775916265320528,0.031504757703688456,0.530313018598887,0.05966605639271427,0.07840545021884422,0.06845507997075545,0.028132695257347955,-0.5821350696652143,-0.5176564815285772,-0.14585634541278655,-0.27311509917209525,0.07264711741439733,-0.258336151751891,-0.6367144239744428,-0.6163916142960045,-0.4328939497355026,-0.07944940162368608,-0.6246854954513812,-0.4710376450059668,-0.24035166554885998,-0.00969276759053201,-0.010643950297056042,0.022280786692248592,-0.03261945811204786,-0.023396040203746422,0.0016134232801130529,-0.03311784353404263,0.012347840089393805,0.019012969530515556,0.03131729957681924,0.03022457605355229,0.011145787472237255,0.0027987806423723986,-0.005579461304755006,-0.3856647669678002,-0.0025446032806985515,-0.3855913100450423,-0.23600299569950153,0.04879124206123926
Prijsindex verkoopprijzen|Prijsindex bestaande koopwoningen,-0.07662716882970014,0.8531588574526167,0.9291428365714334,-0.8070556113459434,1.0,0.15570998580524184,0.4227746498809193,0.23044574708174478,0.07761398183802619,-0.3178631470789298,0.988033934333419,0.5062091451723655,0.8478545948047835,0.858348816834454,0.6555619334554761,0.5902545979873127,-0.3930379997790608,-0.5077432634920783,-0.6307130098106403,-0.31746803716813937,-0.17574636625721185,-0.48938559843965723,-0.3930379997790608,-0.2969436507389464,-0.62627723974505,-0.7569011196515585,0.2267274449985411,0.0026029559685180827,-0.12163093895021548,0.7532830095564271,-0.23302383215516362,-0.4195368708359298,0.05149117894089426,-0.7386910868996389,0.01524698508913585,-0.001448085446455394,0.020611328260461068,0.027766674695813728,0.7232401521867957,0.6133383925906144,-0.0704572092474152,0.438824273078007,0.20555383173065908,0.2379589567777595,0.9365318359289095,0.9343655873637603,0.7494147222928895,0.1420169431054064,0.8922502667104834,0.8213347115243987,0.4213167833966714,0.027169679690025157,0.03065144326800429,-0.017298908978667052,0.06221582147840894,0.05715571300201242,0.0007848246798161947,0.05548447823602363,-0.011728395973242206,-0.032413720724518494,-0.038761152639153196,-0.021212478960998652,-0.025021132328020407,-0.007618199991088106,0.034258657628700145,0.7430212702963191,0.03226327280000368,0.7436318633178935,0.25203103233751756,-0.015999481413175882
Prijsindex verkoopprijzen|Ontwikkeling  t.o.v. voorgaande periode,-0.007871206416575061,0.1219610317163501,0.13433999094884005,-0.12120769118484966,0.15570998580524184,1.0,0.5770911686195183,0.43169672468056847,-0.004977441597230544,0.28084913699176783,0.22106719531744187,0.3919260761895432,0.11793858415818402,0.09547638442082403,-0.14219342228317303,-0.10025148370802174,0.14857719146678697,0.19452196776117897,0.11705264214678822,0.09301002071497588,0.1916320297775976,-0.07860362875614486,0.14857719146678697,0.10266433777837639,0.07886161137895002,0.019192333687871006,0.14506380990874365,0.1822586431598911,0.15263457954768966,0.23616280537447823,0.12168893357675029,0.10785084678435508,0.14250994763657995,-0.04149415593303851,-0.28831311872117266,-0.29547886510740595,-0.30041099203070654,-0.2615656644685168,-0.0795818470177361,-0.08035203328302717,-0.02181611263323362,-0.21956340212631761,-0.3662235207787589,-0.1279805874280114,0.08561704830431419,0.12084606794763418,-0.056682675047079766,-0.3581947377780544,-0.06474457332108857,-0.03441480376603767,0.05686075732773339,-0.003273446171192534,0.0062682683307869694,-0.028341985629579385,0.09013080554819407,0.08318355652155666,0.004461941993256307,0.08600306583252502,0.014190322908901683,-0.016987862218519875,-0.00650153560063423,0.023899929056632734,-0.029736292133871464,0.003635740793664722,-0.17581693040382423,0.25063027717926617,-0.16906685636949143,0.2458896488490295,-0.03150015948020761,0.018786525137492592
Prijsindex verkoopprijzen|Ontwikkeling  t.o.v. een jaar eerder,-0.052950171364388524,0.27932074775793014,0.3493923104158369,-0.43656271090308263,0.4227746498809193,0.5770911686195183,1.0,0.43684512174623014,-0.07693186265880095,0.045170004311034156,0.4761604471996233,0.40852523961124426,0.2638599299967868,0.2591328724984968,0.1406348440741352,0.21261869304088202,0.05103529610069827,0.09166059140416727,0.007551414251413788,0.0020700494109576976,0.17928473994087107,-0.20489502196157855,0.05103529610069827,0.09755026213128386,0.003719957288952878,-0.09864027573448746,0.26084078361476865,0.24177520023607796,0.17907892774354625,0.4311407609988082,0.16320295176584984,-0.056938912617369046,0.12971864370481687,-0.24172913228109796,-0.3483938075434862,-0.36094048589929323,-0.36598935058621884,-0.3085343007377728,0.21869189436463612,0.24167053265499627,0.1302842119309918,0.016086011561944266,-0.2630271304131259,0.12690096974282045,0.28387381668358525,0.31985763246736526,0.08026547333835557,-0.6102165247847678,0.08619251111641343,0.11185635459110455,-0.08232849483540218,-0.02082307477804734,-0.020474113900985545,-0.05586134139275252,0.039825798549570544,0.019350716647012083,0.0008667780129911477,0.045462536392222225,0.0038362221304548555,-0.04109049051172156,-0.04038996480115302,-0.0002162342423911906,-0.04084488648775527,0.003067730388967436,-0.004721339488876572,0.41063263377487785,-0.0054211713236000485,0.4103309237601676,0.01572020474407797,0.14763554010689467
Aantal verkochte woningen|Aantal verkochte woningen,0.06218169216349735,0.19920432962818993,0.23305567664903995,-0.24996494530103786,0.23044574708174478,0.43169672468056847,0.43684512174623014,1.0,-0.053402358407485764,0.1832625978337691,0.2737961332947701,0.9134174891033813,0.18997927749305352,0.17216337425582443,-0.02354225882686735,0.016339897016950402,0.06723647650844533,0.11640065297863132,0.06511158994936828,0.029993793013337617,0.16204444213461194,-0.1189114333582043,0.06723647650844533,0.09512974831220826,0.07125199610159186,-0.01580988344519886,0.22297172145775532,0.17015312135654503,0.13384517588701844,0.25809395405062924,0.03013655860692001,0.008607049194121377,0.12262465634432823,-0.12085802006614063,-0.400494345994891,-0.4052008883390867,-0.4092426049258225,-0.3778654575801297,-0.007531316817061189,-0.012605877725646355,-0.034248516178360305,-0.16368561485945954,-0.2837768361490499,-0.10252470796987305,0.18843681265620874,0.20375350577226312,-0.031305951317575215,-0.14761111997238968,0.021348518389163455,-0.00545864153332938,0.03681104518255206,0.039560015763567664,0.019719989466282388,0.023901017375237997,-0.21426880345029053,-0.16540902588840764,0.043003304028725715,-0.239527789164895,-0.012228763882367872,0.07579361046142273,0.037947472008473586,-0.034794101548542844,0.09971553405694762,0.007049325940014259,-0.18583025846175388,0.26689899604537953,-0.16674094183097335,0.2622162548401584,0.11477562735269257,0.1516085542890027
Aantal verkochte woningen|Ontwikkeling  t.o.v. voorgaande periode,0.01251630350417651,0.13870119388840246,0.11222772414405233,0.016966504389707673,0.07761398183802619,-0.004977441597230544,-0.07693186265880095,-0.053402358407485764,1.0,0.22981826447307063,0.08182513707592948,-0.1276927644360117,0.14468678606949495,0.1329074329432274,0.03750261010472737,0.010718150970208694,0.010388712462632243,-0.03138986464484876,-0.06706707083363046,0.026990127720826006,-0.0024838890909815257,0.0020161862400409672,0.010388712462632243,-0.00840657429928912,-0.07880095835299722,-0.06857917845065412,-0.056574102763364,0.03761595701015848,0.03485416771676838,0.025460899788107897,-0.04774911245993717,-0.000669014920236929,0.042305580633851626,-0.05012541032747844,0.018888913089302052,0.02116601660475828,0.025386526216466428,0.008976711591988177,0.021537185531050093,-0.013066889431873018,-0.13200481337213532,-0.0034285568416727026,0.037884522807474376,-0.0761872990228431,0.12229847650789413,0.11152620856346965,0.10560714729226547,0.16805621373582644,0.10213813297695598,0.11396948298949465,0.10430958814236693,0.013909411419858114,-0.000882056693225485,0.0010489537971861607,-0.060246856034335196,-0.043579156096579405,-0.0031511536136813807,-0.06788134802845004,0.0027941619112874095,0.024152164810842727,0.024451804554490426,0.006351337100348462,0.025356199165276865,-0.00271961492495225,0.25805878085722983,0.09795946230790971,0.23460363405158852,0.10437199497350697,0.11640962494914657,-0.02481015116141466
Aantal verkochte woningen|Ontwikkeling  t.o.v. een jaar eerder,0.05489652812396411,-0.10093633168201388,-0.22147074424773958,0.5216523285326033,-0.3178631470789298,0.28084913699176783,0.045170004311034156,0.1832625978337691,0.22981826447307063,1.0,-0.23376182333014286,0.014489905691613713,-0.05160520089257932,-0.07152906430457794,-0.38655158593030803,-0.38832223830980966,0.3191600852394991,0.3636811559676125,0.33602541272889147,0.2611682983214925,0.34152018852287797,0.08813451724165058,0.3191600852394991,0.10692625219265124,0.17262935358876091,0.2751669842960679,-0.28822028983037584,0.09884202598674913,0.14631765364319255,-0.2301486646839134,0.3016774945038223,0.3957104200562345,0.26108265746709836,0.2678906075912738,-0.17169337426055878,-0.16564795188550285,-0.1730898307416892,-0.17351199616478963,-0.3683380319067867,-0.3340622438078349,-0.16345829546038748,-0.35920702268028715,-0.0976402029316308,-0.3120308062766701,-0.20455097159625124,-0.1848264099110369,-0.3032392012673593,-0.13774095451810764,-0.35199717534100644,-0.26705464620308883,0.02244238011881674,0.015967344797240136,0.011867136051028357,0.0034317649481493927,0.011012165091895182,0.012764666783439762,0.002644544902841014,0.00899530945626422,0.014304284425899112,-0.007184001591702751,0.004325068970651892,0.034201957325240666,-0.015231289555489953,-0.0089338655469927,-0.024614243366875056,0.04329126741438828,-0.023406540625794142,0.042631753819723214,-0.18853806420958047,-0.008959625821831341
Gemiddelde verkoopprijs,-0.07054757844850922,0.8945894511625568,0.9517999748864476,-0.7604168447465497,0.988033934333419,0.22106719531744187,0.4761604471996233,0.2737961332947701,0.08182513707592948,-0.23376182333014286,1.0,0.5371188505249969,0.8890980118284424,0.8955757829255686,0.6257657137838085,0.5508054267415177,-0.37440637674740884,-0.48704837615292884,-0.6170746369628671,-0.30597848160624547,-0.15513246837167316,-0.49410554469665435,-0.37440637674740884,-0.29180267515209785,-0.6278015108832117,-0.734575147415621,0.16456859171750285,0.02485489104769745,-0.09486554529050945,0.7377944918419389,-0.16200668663898077,-0.4038171962710973,0.0471837205948006,-0.7307487839693222,-0.028431109533828883,-0.041388932538614705,-0.01796251699216167,-0.024705827426676152,0.6974644931165993,0.5916926592877051,-0.15048673149035768,0.3792572747182004,0.1990391034770596,0.15954008146330942,0.9355381820764689,0.9332373613997031,0.7179546513704086,0.09210141469523044,0.8457512437257361,0.7914683942376917,0.40862697221860333,0.025296715650437517,0.029427474095531307,-0.02324594832250755,0.076777609422954,0.0692735171342713,0.0005963864963756567,0.07043994171595243,-0.008046638941497136,-0.037110512154682654,-0.04039985017945081,-0.015326820126814609,-0.03280818044623446,-0.006250375119126407,0.029193989538861435,0.8193085468847604,0.027535360149927267,0.8197608090403461,0.21211270443860375,0.007276153631195945
Totale waarde verkoopprijzen,0.015270405128025997,0.4571958060818587,0.4936801999891842,-0.4163869419003538,0.5062091451723655,0.3919260761895432,0.40852523961124426,0.9134174891033813,-0.1276927644360117,0.014489905691613713,0.5371188505249969,1.0,0.446572151723043,0.43655828855698686,0.232245462689502,0.22247634504553568,-0.12704851688502813,-0.14994464719793751,-0.22079208225415964,-0.11130749690678249,0.014599845960634131,-0.2559635266958063,-0.12704851688502813,-0.08405633069781063,-0.2241073123164314,-0.31606261012619097,0.18245397831565122,0.07186593047200923,0.005327435088532137,0.42845714402399804,-0.12923726111092249,-0.14846556303133374,0.08312987284012714,-0.3445383495727533,-0.23977642691417178,-0.24600641765213338,-0.2394800479713112,-0.22838817361912245,0.25983922395058895,0.22419677749714112,-0.07396200792538003,0.06876781716132585,-0.059573225941099636,0.014363378067395379,0.45800760870895635,0.4708858614191461,0.26522575515074803,-0.039380405443835434,0.35146434119418996,0.3050587192156062,0.16381203427047447,0.03885583756469932,0.021335352605155598,0.021542318143962732,-0.2124477483703313,-0.1690982791205242,0.03609070286003138,-0.23522666420638194,-0.013050686355966689,0.0698492192719182,0.030938669481688972,-0.03762071884713895,0.09336449346748019,0.004673845027491469,-0.26289107023052083,0.47024918288823164,-0.24038954843393465,0.4634663211180424,0.22817065552032,0.13430478784229882
CPI | 2015 = 100,-0.025570027157566375,0.9846311524770472,0.949592639160767,-0.46254963925244547,0.8478545948047835,0.11793858415818402,0.2638599299967868,0.18997927749305352,0.14468678606949495,-0.05160520089257932,0.8890980118284424,0.446572151723043,1.0,0.9965578422676156,0.5544774762080054,0.39582256176346686,-0.35902589934467777,-0.48410489508212823,-0.6001912727419078,-0.293845035910318,-0.16298583337523131,-0.4422272354447157,-0.35902589934467777,-0.33511820455814856,-0.6524857518567344,-0.6558001891363282,-0.11320470029215249,-0.020122430431811236,-0.11370063214917434,0.5962243101127989,-0.034183149757989695,-0.35550236400125446,-0.012472486733713912,-0.6297574621121663,-0.005403610101201982,-0.005737621286210827,0.024596751228252174,-0.03724217929693767,0.6113313843262695,0.49122485081393213,-0.4330737350156837,0.28924547847656096,0.3508922484399506,-0.05657033122296532,0.9062629848041844,0.8947029114050469,0.700093269510781,0.24597662429193798,0.7529723744106798,0.7650140367960899,0.42859033612099023,0.030268099329386577,0.03540892905895979,-0.017243557218310928,0.08125883672169747,0.07600871130595498,0.004650927192439798,0.07330654637910196,0.001063436880996665,-0.03359756505463705,-0.030684071934818046,-0.004100262135680575,-0.03526100056945096,-0.0034228272059975105,0.050274587446841705,0.9435397639542401,0.04795830511885941,0.9445072331848818,0.15219171575182794,0.044885815374178205
CPI afgeleid | 2015 = 100,-0.03569921369719179,0.9801605859096232,0.9492590986636422,-0.4756173566567104,0.858348816834454,0.09547638442082403,0.2591328724984968,0.17216337425582443,0.1329074329432274,-0.07152906430457794,0.8955757829255686,0.43655828855698686,0.9965578422676156,1.0,0.5881148704486678,0.4303427322692479,-0.3651165644441984,-0.49368034288859997,-0.6086456349588257,-0.2966041246930356,-0.17078158450038206,-0.4422180147579869,-0.3651165644441984,-0.34206239518944365,-0.6643884059096097,-0.6674765368397975,-0.11665052719332661,-0.026311446804154814,-0.12071616677427419,0.5992942575143679,-0.0509030639855249,-0.35700852800884114,-0.006995540607131603,-0.6348345577859023,0.02809958406330796,0.027410863849313353,0.05723478078240932,-0.0030777189205179237,0.650418493759626,0.5329078498272104,-0.40133195750241896,0.334153427497735,0.38582541188200237,-0.011542962898979905,0.9157614249137355,0.9041003093653708,0.7235208826493787,0.23526339967705787,0.7739229052192164,0.7843128467478785,0.42643430864460236,0.028231387851794024,0.03293153704586993,-0.018831827969857464,0.08095250811429967,0.07435097991715142,0.003006096693578609,0.07349025539186983,0.0006765046876146556,-0.032546626862709115,-0.03051770725352012,-0.004912149453069595,-0.03366780873375293,-0.0046790260704997425,0.046964501106706975,0.9323480769171684,0.04471740292572355,0.9332306193335892,0.15678732327799735,0.04446009100782707
Jaarmutatie CPI | %,-0.10117251649371038,0.5486936075449511,0.6028819142098113,-0.53902085462059,0.6555619334554761,-0.14219342228317303,0.1406348440741352,-0.02354225882686735,0.03750261010472737,-0.38655158593030803,0.6257657137838085,0.232245462689502,0.5544774762080054,0.5881148704486678,1.0,0.9362701000984026,-0.2773278578442697,-0.3881670840129931,-0.4196547865917359,-0.2120547721618834,-0.27529332303205095,-0.25314814244833905,-0.2773278578442697,-0.19834269516303213,-0.514430902037224,-0.5416694173459282,-0.026881897453746466,-0.007466016339524406,-0.06743722961605075,0.3542449023302049,-0.21097462045909665,-0.2996849816966603,-0.10199166073687617,-0.40875546034724036,0.44261800136520113,0.4425821303303253,0.4531342088066368,0.42253123721680014,0.7808886895131112,0.7423167673197815,0.14032816631805473,0.6935240721276558,0.6072848585587535,0.5227155645854735,0.6721420731097872,0.6347260180296123,0.709769376035738,0.14684943399962472,0.6618848304243108,0.6820295258252486,0.16286076298584415,-0.00956573303048429,-0.008523374165831887,-0.023333488582023967,0.004005173225719392,-0.0053205462353240075,-0.01066972511608822,0.003978571742005298,-0.004558405882274339,-0.012830074205329112,-0.025921966789911714,-0.020955903839133375,0.0013488485728374484,-0.008621606859431271,-0.011882857117395146,0.4236882378839618,-0.015978212993581004,0.42309147355132776,0.18796731936281758,0.012503273694865962
Jaarmutatie CPI afgeleid | %,-0.11690359573273873,0.38330079347157897,0.4745309075239284,-0.5802909646604789,0.5902545979873127,-0.10025148370802174,0.21261869304088202,0.016339897016950402,0.010718150970208694,-0.38832223830980966,0.5508054267415177,0.22247634504553568,0.39582256176346686,0.4303427322692479,0.9362701000984026,1.0,-0.1907305752951589,-0.28674518798048615,-0.30851996024287803,-0.13508838997765632,-0.20315360766425872,-0.1998217575540153,-0.1907305752951589,-0.1281843957422788,-0.4198628796704956,-0.47122881783215737,0.03439237916018317,0.047703067751543024,-0.009304410775292336,0.3358460274036882,-0.2527930450646513,-0.21145558350320226,-0.002304249945107522,-0.35293567863792924,0.40768500920776785,0.4068084187877681,0.4078572466735818,0.40037246890825223,0.7390031786640654,0.7330423196714734,0.2628050369070845,0.6487807070224128,0.48330579076178504,0.5647652507844673,0.5594026409733468,0.5237492268555292,0.6157403796531263,0.02584462971081351,0.5699979057033674,0.5660717017612495,0.11854715021759846,-0.01256891594733099,-0.009956544745108004,-0.020070228091467638,0.007651078688217715,-0.001407539387298175,-0.012523247524961083,0.008528344581785368,-0.0030336535900731703,-0.013785055250404884,-0.02890470204760742,-0.021473372950633153,0.003072764349270399,-0.005273865480875376,-0.03725660407161836,0.27438942083657486,-0.040425672870084924,0.2731761416837697,0.16767110256546372,-0.005005468228149386
Opbouw bbp vanuit de finale bestedingen|Beschikbaar voor finale bestedingen|Totaal,0.10246787637481744,-0.4087533922553462,-0.41874812442558185,0.2861977435254251,-0.3930379997790608,0.14857719146678697,0.05103529610069827,0.06723647650844533,0.010388712462632243,0.3191600852394991,-0.37440637674740884,-0.12704851688502813,-0.35902589934467777,-0.3651165644441984,-0.2773278578442697,-0.1907305752951589,1.0,0.8381184017101234,0.7818561009445744,0.9535915787079354,0.6524252966538363,0.753072964968755,1.0,0.8425879149964446,0.6460641082512769,0.6687825839026529,-0.035105934353992334,0.6742124662079702,0.7166508970008664,-0.26331790567033847,0.2913013152603128,0.7710008391850554,0.5356840334039679,0.5547039907115222,0.055475720426553285,0.05535418362423687,0.031350513178931436,0.08049750144942419,-0.25092233322946644,-0.20077833356678648,0.21376924195117383,-0.25516281185162143,-0.2377821972045012,-0.035951936497502245,-0.38487399074539475,-0.3955432117307235,-0.27969726781647003,-0.04739240634555953,-0.4649492615031135,-0.3798440084908995,-0.11027361302410775,-0.013506868049147826,-0.01573025857854474,-0.01505682709052286,-0.013360147586571452,-0.012131143293622334,0.004448770425034699,-0.01316125933631913,-0.004854588977608682,-0.011099425797748861,-0.010207158128928012,0.0020028927223270277,-0.008459977947289426,-0.015538310773599743,0.047468273306154295,-0.3241450923595278,0.04573682358223787,-0.3227673153247681,-0.2221279311084068,0.07691861418588303
Opbouw bbp vanuit de finale bestedingen|Beschikbaar voor finale bestedingen|Bruto binnenlands product,0.12313558845096391,-0.5284912718963978,-0.5257263384381423,0.3099886135679699,-0.5077432634920783,0.19452196776117897,0.09166059140416727,0.11640065297863132,-0.03138986464484876,0.3636811559676125,-0.48704837615292884,-0.14994464719793751,-0.48410489508212823,-0.49368034288859997,-0.3881670840129931,-0.28674518798048615,0.8381184017101234,1.0,0.9443082279464556,0.6810220515174616,0.6510892653110417,0.47176755847658186,0.8381184017101233,0.6791777020331936,0.8552073690915829,0.8459907547840293,0.11493700222420727,0.48054264239458566,0.5463711552504179,-0.3238282781387167,0.3553689331099304,0.7511704756200623,0.4473507315946045,0.6734349081884264,-0.0420159323155256,-0.043597797623650514,-0.07600976109961706,-0.002798137021531048,-0.3618545040612801,-0.2974362861343151,0.28486541301067597,-0.3348671047409758,-0.3585540293115756,-0.042834561823954884,-0.4972002207818067,-0.49651925949136355,-0.4368016317303537,-0.10361548349079937,-0.6248153179505199,-0.5398595860393234,-0.17072344386506122,-0.003030237162244407,-0.0007545281799643621,-0.007070873385690548,0.03131086250417471,0.03748225656392913,0.009515292271391085,0.029418598731814412,-0.001797594383838245,-0.010146154024378773,-0.006158351665906409,0.007983760518618332,-0.007670688859413551,-0.004519716621975387,0.03668858432538163,-0.4278227201970005,0.03266203664373936,-0.42676580125687913,-0.28795639618953006,0.05366274278173949
"Opbouw bbp vanuit de finale bestedingen|Beschikbaar voor finale bestedingen|Bbp, gecorrigeerd voor werkdageneffecten",0.11882560310886849,-0.640728904633434,-0.6336984470246437,0.36171384786165933,-0.6307130098106403,0.11705264214678822,0.007551414251413788,0.06511158994936828,-0.06706707083363046,0.33602541272889147,-0.6170746369628671,-0.22079208225415964,-0.6001912727419078,-0.6086456349588257,-0.4196547865917359,-0.30851996024287803,0.7818561009445744,0.9443082279464556,1.0,0.6388701836704278,0.5830750018854783,0.5109480662817475,0.7818561009445744,0.6427244278509135,0.8360726076403918,0.8574515546054878,0.0382796692185392,0.4168999955093876,0.49760066408669723,-0.41865209767127354,0.3607383276487291,0.7147909717082416,0.32126965698172505,0.7565875499926796,-0.02221353722727794,-0.019190660126536547,-0.05313778492236748,0.008173333819588655,-0.41220946674678005,-0.33258613414642413,0.3181542004189108,-0.32682482432682675,-0.3177440431148633,-0.022346653836273603,-0.6099711628031316,-0.6176430726101092,-0.5021900828280219,-0.07025506217214979,-0.7166862978065117,-0.6132547492944284,-0.2563506522708759,-0.007704923626072239,-0.008913838725771062,-0.0027288949434676807,-0.0157220732377604,-0.007283917681053648,0.011292672576529744,-0.015178384750244706,-0.002248820052728187,0.014463820328350396,0.014224112240269936,0.006680717152277249,0.015469036089086334,0.0017261756658811603,-0.011411446732850774,-0.5418100551473146,-0.015400803013151654,-0.5420319381585862,-0.24935580524361342,0.06696197992156566
Opbouw bbp vanuit de finale bestedingen|Beschikbaar voor finale bestedingen|Invoer van goederen en diensten|Totaal,0.08203309796123676,-0.3421892971969321,-0.35364733790842695,0.2513851889098896,-0.31746803716813937,0.09301002071497588,0.0020700494109576976,0.029993793013337617,0.026990127720826006,0.2611682983214925,-0.30597848160624547,-0.11130749690678249,-0.293845035910318,-0.2966041246930356,-0.2120547721618834,-0.13508838997765632,0.9535915787079354,0.6810220515174616,0.6388701836704278,1.0,0.6429966307233694,0.7854955381435073,0.9535915787079354,0.7906128564210598,0.48384560493739504,0.5124884096287623,-0.09776789733373914,0.6469590832143755,0.6809849851395665,-0.22815312587527262,0.24370017861203253,0.7685575618349993,0.5813614487771112,0.4778888073692266,0.09428185162884534,0.09517476166476745,0.07699464754017749,0.11003568622081322,-0.17752035200070276,-0.13896115245054536,0.16752547013495916,-0.18816620655283356,-0.15317812406310535,-0.02447461090473492,-0.3194011554044813,-0.3394511384269093,-0.1988003821869272,-0.02612508607392175,-0.3523877001722092,-0.28391199306260023,-0.02570182696326042,-0.013089396976121563,-0.018986331232562107,-0.01182960842511939,-0.053005102120063104,-0.0486624566835465,0.000805398285066062,-0.05314595640688187,-0.008393446146843182,-0.010724784711399612,-0.014431922452314824,-0.00516403202072131,-0.0038612573453266573,-0.01775059818327891,0.04121613722975997,-0.27500835480147706,0.04040347957646208,-0.27379545557150314,-0.17183848125136136,0.05776363644998008
Opbouw bbp vanuit de finale bestedingen|Beschikbaar voor finale bestedingen|Invoer van goederen en diensten|Goederen,0.06224954129388282,-0.23069067480408117,-0.23788363472939653,0.16741362487753633,-0.17574636625721185,0.1916320297775976,0.17928473994087107,0.16204444213461194,-0.0024838890909815257,0.34152018852287797,-0.15513246837167316,0.014599845960634131,-0.16298583337523131,-0.17078158450038206,-0.27529332303205095,-0.20315360766425872,0.6524252966538363,0.6510892653110417,0.5830750018854783,0.6429966307233694,1.0,0.17233103524227367,0.6524252966538363,0.38168537507385036,0.44962067609979217,0.41368678121144353,0.061047782239404325,0.301973369066765,0.3199805015628206,-0.020620290521521437,0.3531390558315818,0.7553891030468454,0.798453020708271,0.3052245820729854,-0.23188859818913618,-0.23557997211656986,-0.25280563470893214,-0.20063332125290578,-0.2228449105099685,-0.2344605402274542,0.08015252535712694,-0.2844993759014921,-0.3602705761672647,-0.12921052401033994,-0.18646836687172094,-0.19446869413840337,-0.20952470322727096,-0.03486735598255757,-0.26594172478241124,-0.21187139720357398,0.13358698996398186,0.008364711975273546,0.009514006630704855,-0.008926329874723067,0.019087719013355466,0.018860996390839813,0.011194502407425982,0.01775500628145371,0.004720680578714488,-0.034057445391301865,-0.0295024561937253,-0.0005761841225839144,-0.0389641117655228,-0.008497751065022787,-0.01391760908698023,-0.13620271562335706,-0.013701264130327153,-0.13652870071854964,-0.22993933906734051,-0.07066607976705339
Opbouw bbp vanuit de finale bestedingen|Beschikbaar voor finale bestedingen|Invoer van goederen en diensten|Diensten,0.05420077853454061,-0.4505076634315598,-0.4691850029399128,0.34468260166881376,-0.48938559843965723,-0.07860362875614486,-0.20489502196157855,-0.1189114333582043,0.0020161862400409672,0.08813451724165058,-0.49410554469665435,-0.2559635266958063,-0.4422272354447157,-0.4422180147579869,-0.25314814244833905,-0.1998217575540153,0.753072964968755,0.47176755847658186,0.5109480662817475,0.7854955381435073,0.17233103524227367,1.0,0.7530729649687549,0.7727715767554714,0.4917957262465242,0.5462114729055316,-0.08765986861642872,0.5976220967669502,0.6485292763064471,-0.38974375634170955,0.012821305431786922,0.4495384024127919,0.12710272503836378,0.5500884889092731,0.17702702385191915,0.18191049875824938,0.16952428348813214,0.17614945125555956,-0.2553076030951098,-0.19391711054415112,0.12949250667438028,-0.16341761952718922,-0.08241682641018608,-0.03605941828539012,-0.476583251717291,-0.4888054708054496,-0.27770535994567036,0.013965249368619056,-0.43265752640065075,-0.38442714791241334,-0.294604375500015,-0.02453960478879506,-0.031210555609457135,0.002850214644724868,-0.06124710380938897,-0.057183336393094884,-0.0033620819626226307,-0.05952417527198116,-0.0011646535881837956,0.010376261947984943,0.009672200295127244,0.0008092133708917935,0.012917520047182674,-0.007047246170610122,0.0119674906222689,-0.4168478001033819,0.014544899668527558,-0.41629297928006626,-0.10886809488357016,0.13392375290683975
Opbouw bbp vanuit de finale bestedingen|Finale bestedingen|Totaal,0.10246787637481744,-0.4087533922553462,-0.41874812442558185,0.2861977435254251,-0.3930379997790608,0.14857719146678697,0.05103529610069827,0.06723647650844533,0.010388712462632243,0.3191600852394991,-0.37440637674740884,-0.12704851688502813,-0.35902589934467777,-0.3651165644441984,-0.2773278578442697,-0.1907305752951589,1.0,0.8381184017101233,0.7818561009445744,0.9535915787079354,0.6524252966538363,0.7530729649687549,1.0,0.8425879149964446,0.6460641082512769,0.6687825839026529,-0.035105934353992334,0.6742124662079702,0.7166508970008664,-0.26331790567033847,0.2913013152603128,0.7710008391850554,0.5356840334039679,0.5547039907115222,0.055475720426553285,0.05535418362423687,0.031350513178931436,0.08049750144942419,-0.25092233322946644,-0.20077833356678648,0.21376924195117383,-0.25516281185162143,-0.2377821972045012,-0.035951936497502245,-0.38487399074539475,-0.3955432117307235,-0.27969726781647003,-0.04739240634555953,-0.4649492615031135,-0.3798440084908995,-0.11027361302410775,-0.013506868049147826,-0.01573025857854474,-0.01505682709052286,-0.013360147586571452,-0.012131143293622334,0.004448770425034699,-0.01316125933631913,-0.004854588977608682,-0.011099425797748861,-0.010207158128928012,0.0020028927223270277,-0.008459977947289426,-0.015538310773599743,0.047468273306154295,-0.3241450923595278,0.04573682358223787,-0.3227673153247681,-0.2221279311084068,0.07691861418588303
Opbouw bbp vanuit de finale bestedingen|Finale bestedingen|Nationale finale bestedingen|Totaal,0.0876792751566695,-0.3517224170517705,-0.3225370002944703,0.1020041531059615,-0.2969436507389464,0.10266433777837639,0.09755026213128386,0.09512974831220826,-0.00840657429928912,0.10692625219265124,-0.29180267515209785,-0.08405633069781063,-0.33511820455814856,-0.34206239518944365,-0.19834269516303213,-0.1281843957422788,0.8425879149964446,0.6791777020331936,0.6427244278509135,0.7906128564210598,0.38168537507385036,0.7727715767554714,0.8425879149964446,1.0,0.6404833563916535,0.5957631452703784,0.19046544612347982,0.8652521344270288,0.8878633888768538,-0.22108658112759827,0.19288122374784164,0.3574195599770025,0.2219898203924313,0.3072680793977718,-0.02526965638415089,-0.02901700713430418,-0.050630893573994126,0.006728508733724689,-0.23641573129671636,-0.19829762236585918,0.23474524966599644,-0.2392836198715679,-0.3022768033623388,-0.01614393885769539,-0.3014949279962602,-0.31171298558146826,-0.27712243376014223,-0.02287322663322297,-0.3907211611617377,-0.3535988824596156,-0.19375535861653329,-0.020576041920708662,-0.02827189278634431,-0.016472989400505598,-0.00940045387488148,-0.008291384545334046,0.004273432445901766,-0.008413553554507095,-0.007769217148291561,-0.01043554592256376,-0.012922850581399956,-0.0018092137518260424,-0.0011407804691772408,-0.01574267251683018,0.06956539294581454,-0.3047938174723954,0.06826461876037773,-0.30280397532964326,-0.15346028053927557,0.11422216184602006
Opbouw bbp vanuit de finale bestedingen|Finale bestedingen|Nationale finale bestedingen|Consumptieve bestedingen|Totaal,0.10883377616298982,-0.6555523118318001,-0.6316949492401494,0.3062860714254845,-0.62627723974505,0.07886161137895002,0.003719957288952878,0.07125199610159186,-0.07880095835299722,0.17262935358876091,-0.6278015108832117,-0.2241073123164314,-0.6524857518567344,-0.6643884059096097,-0.514430902037224,-0.4198628796704956,0.6460641082512769,0.8552073690915829,0.8360726076403918,0.48384560493739504,0.44962067609979217,0.4917957262465242,0.6460641082512769,0.6404833563916535,1.0,0.9284936260810522,0.3609038828808311,0.3327819701412244,0.4069924391706142,-0.41778829595956224,0.26691927197601245,0.5046962936583449,0.17872245337539525,0.6802866067141423,-0.2002097314578922,-0.20610903067003175,-0.2324388805327239,-0.1549380247666474,-0.53551797177977,-0.47444320186851613,0.2738620336947537,-0.42893438322373173,-0.4841658622838863,-0.11355815076184499,-0.6431371922473585,-0.6383703029856395,-0.6146967539960495,-0.07624329868740268,-0.714026234133443,-0.6984433350264458,-0.35100912121477906,-0.01576456363794236,-0.0172054610956668,-0.0006523955508253693,0.009730337776043249,0.01374578023906928,0.010115491706377922,0.011801046241707979,0.0011046895794653525,-0.009208544312692803,-0.0035648593713910317,0.00473355650356667,-0.0052726271552479605,-0.0004155715124310888,0.029107989794417304,-0.5813779596885555,0.027030790224545076,-0.5804187389149784,-0.26533417551177657,0.058045480790939234
Opbouw bbp vanuit de finale bestedingen|Finale bestedingen|Nationale finale bestedingen|Consumptieve bestedingen|Huishoudens,0.12142429755866158,-0.6575205577783704,-0.6814697968450824,0.49009982885411363,-0.7569011196515585,0.019192333687871006,-0.09864027573448746,-0.01580988344519886,-0.06857917845065412,0.2751669842960679,-0.734575147415621,-0.31606261012619097,-0.6558001891363282,-0.6674765368397975,-0.5416694173459282,-0.47122881783215737,0.6687825839026529,0.8459907547840293,0.8574515546054878,0.5124884096287623,0.41368678121144353,0.5462114729055316,0.6687825839026529,0.5957631452703784,0.9284936260810522,1.0,0.00500717737237914,0.2893136150455453,0.39654675071114787,-0.6100891224637834,0.3788950042600096,0.5651941545000702,0.12693826236474315,0.7809176753261304,-0.11421136871518504,-0.10871302779637779,-0.1327150093319699,-0.09813417214594305,-0.53995151283063,-0.4510540893496347,0.12209010000387684,-0.4607145790868245,-0.33942583845792507,-0.21263547709369185,-0.744965320084692,-0.7518508580107641,-0.6735374631205522,-0.10841240685095418,-0.831431997532074,-0.7695507449142471,-0.3711459161382128,-0.023052151588503222,-0.02167270835481917,-0.003546429532340669,0.011674089287929422,0.01230135594404698,0.008410456110541328,0.014897523373607922,0.006900460786134342,-0.006633641857863959,0.0033304217300958393,0.013300466996705455,-0.009654966621741755,0.005583192207346318,0.04305473575557482,-0.5459639747404372,0.03996481801902586,-0.5446623821400526,-0.32466552924019243,0.07303100375867906
Opbouw bbp vanuit de finale bestedingen|Finale bestedingen|Nationale finale bestedingen|Consumptieve bestedingen|Overheid,-0.01765606903811352,-0.0946419800735043,0.04027239475198737,-0.4580349552016957,0.2267274449985411,0.14506380990874365,0.26084078361476865,0.22297172145775532,-0.056574102763364,-0.28822028983037584,0.16456859171750285,0.18245397831565122,-0.11320470029215249,-0.11665052719332661,-0.026881897453746466,0.03439237916018317,-0.035105934353992334,0.11493700222420727,0.0382796692185392,-0.09776789733373914,0.061047782239404325,-0.08765986861642872,-0.035105934353992334,0.19046544612347982,0.3609038828808311,0.00500717737237914,1.0,0.11607388327903621,0.04869227944496788,0.3811542415288699,-0.23634819582364358,-0.18023472309379548,0.03505198890662681,-0.15414157048438093,-0.28211922671464496,-0.3150625630513635,-0.3219922965954935,-0.19685260953329492,-0.08471680383296107,-0.14224507650271573,0.4039099357285016,-0.020868597789425937,-0.4745418309094654,0.19965380667246468,0.13067574592208994,0.1623956819307761,-0.007679694207973456,0.06319931956136451,0.16507309131215292,0.025706371906936025,-0.044889554790174785,0.014124438122023877,0.009903073956116176,0.007891510287878828,0.04587985897306841,0.04934208287706766,0.0055323670707560025,0.04393094185875743,-0.009867119603340814,-0.020038620107861126,-0.024045327766683767,-0.014881326106630134,-0.005297714983630832,-0.014734268922009375,-0.014109071659255259,-0.18692821875199156,-0.011877061256962312,-0.18718519713850904,0.07696911902712811,-0.034092686976390105
Opbouw bbp vanuit de finale bestedingen|Finale bestedingen|Nationale finale bestedingen|Bruto investeringen in vaste activa|Totaal,0.06247576509305524,-0.050868356811875744,-0.024287213140656724,-0.07007946422464291,0.0026029559685180827,0.1822586431598911,0.24177520023607796,0.17015312135654503,0.03761595701015848,0.09884202598674913,0.02485489104769745,0.07186593047200923,-0.020122430431811236,-0.026311446804154814,-0.007466016339524406,0.047703067751543024,0.6742124662079702,0.48054264239458566,0.4168999955093876,0.6469590832143755,0.301973369066765,0.5976220967669502,0.6742124662079702,0.8652521344270288,0.3327819701412244,0.2893136150455453,0.11607388327903621,1.0,0.9860200889744691,0.053781960700085986,0.0762281524760052,0.1788982087534784,0.19860814656702233,0.01570703292154806,-0.04085605698082203,-0.03882994483723302,-0.05694341158657692,-0.024971196318321016,-0.0467574231581474,-0.038041216573658936,0.100590169346213,-0.154815685278848,-0.23367226135639854,-0.030478262095410873,0.022041775736027613,0.012796558253144939,-0.03429317335638926,-0.0308151941202652,-0.12055936325385248,-0.06890373423915823,-0.04283693271947995,-0.0001368792138680895,-0.0055033570606588525,-0.017591730517844826,0.0431046913931271,0.04556647763536428,-0.0028564961247867803,0.03870713109858702,0.0013506443496840484,-0.009189105073466979,-0.014845827218652612,-0.0008221861349479323,0.000982723652001868,-0.01417030543543533,0.09806734190505115,-0.002087267726729117,0.09751534085412446,0.0005940820108499192,-0.09933757255632347,0.1388097197461815
Opbouw bbp vanuit de finale bestedingen|Finale bestedingen|Nationale finale bestedingen|Bruto investeringen in vaste activa|Bedrijven en huishoudens,0.07363116769872531,-0.14330525105853195,-0.12918159169719642,0.03352978456541051,-0.12163093895021548,0.15263457954768966,0.17907892774354625,0.13384517588701844,0.03485416771676838,0.14631765364319255,-0.09486554529050945,0.005327435088532137,-0.11370063214917434,-0.12071616677427419,-0.06743722961605075,-0.009304410775292336,0.7166508970008664,0.5463711552504179,0.49760066408669723,0.6809849851395665,0.3199805015628206,0.6485292763064471,0.7166508970008664,0.8878633888768538,0.4069924391706142,0.39654675071114787,0.04869227944496788,0.9860200889744691,1.0,-0.1010100918418139,0.12970830761403268,0.23988567908941413,0.18026306382333582,0.12623630048531218,-0.019368619940438196,-0.013870067610873586,-0.03354700801599786,-0.009836292339451219,-0.12298347686956096,-0.09580111523650439,0.09018540827674906,-0.20075387904505831,-0.22172504144837762,-0.06551340139027809,-0.09020303781320796,-0.10633671574672648,-0.1284425760545297,-0.03922525781239823,-0.23481059003887292,-0.17183506851667682,-0.10250366907325038,-0.0014623672905625283,-0.006098931938719011,-0.014151941739026258,0.03992709936751123,0.044027800919793914,-0.002159126732404305,0.035563798770452855,0.0009177508518756883,-0.006265390146186294,-0.011041167482816949,0.0006224576824004754,0.0028019914051475663,-0.011343084396253658,0.10226203653830243,-0.08076781166991083,0.100928169186504,-0.07796339116606313,-0.1481402124665486,0.142867396850269
Opbouw bbp vanuit de finale bestedingen|Finale bestedingen|Nationale finale bestedingen|Bruto investeringen in vaste activa|Overheid,-0.05344723274005056,0.5805798029818506,0.6447562815043266,-0.5969259896790798,0.7532830095564271,0.23616280537447823,0.4311407609988082,0.25809395405062924,0.025460899788107897,-0.2301486646839134,0.7377944918419389,0.42845714402399804,0.5962243101127989,0.5992942575143679,0.3542449023302049,0.3358460274036882,-0.26331790567033847,-0.3238282781387167,-0.41865209767127354,-0.22815312587527262,-0.020620290521521437,-0.38974375634170955,-0.26331790567033847,-0.22108658112759827,-0.41778829595956224,-0.6100891224637834,0.3811542415288699,0.053781960700085986,-0.1010100918418139,1.0,-0.2814532462902849,-0.28032849454277603,0.12202361611173455,-0.5462538520575063,-0.14784271806198326,-0.16619978673153052,-0.15773090615455818,-0.1137985411321071,0.4725360374645701,0.35943461017217254,0.051272900340094386,0.29113742701430545,-0.03900649833188553,0.21749404075417816,0.7012405108769751,0.7418229334723692,0.590587401225679,0.059046234903326125,0.6687338535331834,0.63803765663923,0.35104754942176747,0.022819296523918155,0.02089807612128429,-0.014558446735454162,0.04004262390410278,0.03527061974762176,-0.0031809828277217867,0.03611748521330775,0.0018747770495240782,-0.007818825745445977,-0.014764951779276923,-0.009696718245086765,-0.002234829918963705,-0.011404737476085135,-0.01884566669410654,0.5134982945519092,-0.016065285317234012,0.5128657419102426,0.2711183105128755,0.018729157287731432
Opbouw bbp vanuit de finale bestedingen|Finale bestedingen|Nationale finale bestedingen|Verandering in voorraden,0.0931633999588057,-0.030443459175410865,-0.07800204139871243,0.2002826123858906,-0.23302383215516362,0.12168893357675029,0.16320295176584984,0.03013655860692001,-0.04774911245993717,0.3016774945038223,-0.16200668663898077,-0.12923726111092249,-0.034183149757989695,-0.0509030639855249,-0.21097462045909665,-0.2527930450646513,0.2913013152603128,0.3553689331099304,0.3607383276487291,0.24370017861203253,0.3531390558315818,0.012821305431786922,0.2913013152603128,0.19288122374784164,0.26691927197601245,0.3788950042600096,-0.23634819582364358,0.0762281524760052,0.12970830761403268,-0.2814532462902849,1.0,0.2704362217366071,0.036756163712358396,0.23969582079260066,-0.19531096719827723,-0.19272442423452796,-0.18723788613774667,-0.20300740901544836,-0.18837446862530763,-0.15938519743279295,-0.21048263538087425,-0.3566930637172895,-0.10985655167603686,-0.32456510178535725,-0.21488963652826834,-0.24530333432577847,-0.35905142201666307,-0.11611552313501541,-0.44206190101261106,-0.3560760528905124,0.010828845439877768,-0.025855810928269336,-0.006801602151485358,-0.05961548391795309,0.24878977589778437,0.21292906292858446,0.0034383364995056458,0.25185415164075814,0.006058372144834368,-0.1096180474755077,-0.08392523663010876,0.03291014688922671,-0.12563653728158092,-0.010376732511115533,0.20857676014658516,0.10089743465913886,0.20161402862703745,0.10640203226842325,-0.42586481282156435,-0.08796738387390932
Opbouw bbp vanuit de finale bestedingen|Finale bestedingen|Uitvoer van goederen en diensten|Totaal,0.08227201267144316,-0.4190114776209917,-0.45135642894821043,0.3775916265320528,-0.4195368708359298,0.10785084678435508,-0.056938912617369046,0.008607049194121377,-0.000669014920236929,0.3957104200562345,-0.4038171962710973,-0.14846556303133374,-0.35550236400125446,-0.35700852800884114,-0.2996849816966603,-0.21145558350320226,0.7710008391850554,0.7511704756200623,0.7147909717082416,0.7685575618349993,0.7553891030468454,0.4495384024127919,0.7710008391850554,0.3574195599770025,0.5046962936583449,0.5651941545000702,-0.18023472309379548,0.1788982087534784,0.23988567908941413,-0.28032849454277603,0.2704362217366071,1.0,0.7196558801690348,0.6868585098971495,0.117623646804559,0.12111812215672954,0.10001595490681688,0.13036010957087643,-0.2110654513392764,-0.1604609852353964,0.1666961500939079,-0.19924502403042313,-0.12622930362327767,-0.03010465615736257,-0.41616511859815386,-0.43163559293584575,-0.259469946866918,-0.06878493370834206,-0.4331545336263924,-0.34707277750415133,0.02687665259673369,0.002584464308370148,0.004109308195634926,0.0023382324996125527,-0.033378700892335064,-0.024706149467242387,0.003347804551238805,-0.03518666285315108,-0.0016813809977930636,-0.006567490575090397,-0.005197991677966511,0.0001069383557934372,-0.006301922158093386,-0.005694669021261042,-0.02611713786716357,-0.3299168018549609,-0.027081582053332234,-0.3305385647202615,-0.2488778321982148,-0.01888596308694366
Opbouw bbp vanuit de finale bestedingen|Finale bestedingen|Uitvoer van goederen en diensten|Goederen,0.027541542701429264,-0.09458384534801761,-0.08785123490208205,0.031504757703688456,0.05149117894089426,0.14250994763657995,0.12971864370481687,0.12262465634432823,0.042305580633851626,0.26108265746709836,0.0471837205948006,0.08312987284012714,-0.012472486733713912,-0.006995540607131603,-0.10199166073687617,-0.002304249945107522,0.5356840334039679,0.4473507315946045,0.32126965698172505,0.5813614487771112,0.798453020708271,0.12710272503836378,0.5356840334039679,0.2219898203924313,0.17872245337539525,0.12693826236474315,0.03505198890662681,0.19860814656702233,0.18026306382333582,0.12202361611173455,0.036756163712358396,0.7196558801690348,1.0,0.07484746537286319,-0.04785609964714547,-0.05467905891977954,-0.0734067313833703,-0.011778126280780411,0.029283198432306378,0.014110229386374002,0.1415256440541835,-0.03312907173835547,-0.2245660454563786,0.04755542025876668,0.0006360798690378275,0.004201564564701843,0.06107229966471681,-0.08310908840519246,0.03620924526555419,0.04819678413453147,0.32214816920916484,0.008904761340412938,0.01159413001083488,0.003506297194377172,-0.02083655515632385,-0.016466216486670453,0.010797668803217152,-0.0247584389791275,-0.0008708789317163313,-0.047027516138290225,-0.04668113117945601,-0.010278669906016235,-0.04161326726106161,-0.01077258524659123,-0.0025701777655571735,-0.05721589874415085,-0.0016978159206025162,-0.057241294509529875,-0.12910710115853227,-0.093631479638261
Opbouw bbp vanuit de finale bestedingen|Finale bestedingen|Uitvoer van goederen en diensten|Diensten,0.08938933218425242,-0.6402300187748237,-0.6774454365420114,0.530313018598887,-0.7386910868996389,-0.04149415593303851,-0.24172913228109796,-0.12085802006614063,-0.05012541032747844,0.2678906075912738,-0.7307487839693222,-0.3445383495727533,-0.6297574621121663,-0.6348345577859023,-0.40875546034724036,-0.35293567863792924,0.5547039907115222,0.6734349081884264,0.7565875499926796,0.4778888073692266,0.3052245820729854,0.5500884889092731,0.5547039907115222,0.3072680793977718,0.6802866067141423,0.7809176753261304,-0.15414157048438093,0.01570703292154806,0.12623630048531218,-0.5462538520575063,0.23969582079260066,0.6868585098971495,0.07484746537286319,1.0,0.1421815934036674,0.1510465792300013,0.13350005137189808,0.13883035435823451,-0.41781495975288835,-0.3262493604689842,0.18262615586534034,-0.23331700710624376,-0.04410567134731059,-0.04641292557060625,-0.6935419235928706,-0.7099662628426675,-0.4816817516667726,-0.0009908625484965664,-0.7132363790905257,-0.6151085619623734,-0.3849595327706812,-0.009926571320424463,-0.008955512424483284,0.012657118428584552,-0.037471612002814084,-0.026250213560002067,0.002771646191563444,-0.03717127759456294,-0.0006907449246350362,0.02760755728967289,0.029752304159240964,0.0068374634326793205,0.02467799618762703,0.009634751152773888,-0.02820410117683122,-0.5685561351146309,-0.03093051654452677,-0.5691949651337133,-0.22580919751152262,0.08633113132972967
"Crude oil, average | ($/bbl)",-0.04174148835204223,-0.03553208541094419,-0.045497404690010054,0.05966605639271427,0.01524698508913585,-0.28831311872117266,-0.3483938075434862,-0.400494345994891,0.018888913089302052,-0.17169337426055878,-0.028431109533828883,-0.23977642691417178,-0.005403610101201982,0.02809958406330796,0.44261800136520113,0.40768500920776785,0.055475720426553285,-0.0420159323155256,-0.02221353722727794,0.09428185162884534,-0.23188859818913618,0.17702702385191915,0.055475720426553285,-0.02526965638415089,-0.2002097314578922,-0.11421136871518504,-0.28211922671464496,-0.04085605698082203,-0.019368619940438196,-0.14784271806198326,-0.19531096719827723,0.117623646804559,-0.04785609964714547,0.1421815934036674,1.0,0.9972292843026487,0.9962433034256094,0.9872567201770246,0.49910354450061845,0.5612480459588952,0.34423499956807285,0.6340547680212917,0.6745689840588498,0.5822681989310354,0.07035396770166452,0.04905955167558064,0.42439145011941504,0.18008135375650972,0.2302589964788417,0.28825128049509896,-0.022448666696760523,-0.016488550291091926,-0.003699148957327515,-0.0039162958854279594,0.07388341593776593,0.06337593930331406,-0.029876434659369365,0.07733292841160473,-0.01631869169818675,-0.015805493881626886,-0.01188817050386044,0.01429341068666947,-0.011458763554568006,-0.014564436523536445,-0.0022306275187526587,-0.15885327413071826,-0.006199930362640306,-0.15896463468940009,0.08296732267919382,-0.07157703588763771
"Crude oil, Brent | ($/bbl)",-0.04011976780459015,-0.036692796509506,-0.051380571665440716,0.07840545021884422,-0.001448085446455394,-0.29547886510740595,-0.36094048589929323,-0.4052008883390867,0.02116601660475828,-0.16564795188550285,-0.041388932538614705,-0.24600641765213338,-0.005737621286210827,0.027410863849313353,0.4425821303303253,0.4068084187877681,0.05535418362423687,-0.043597797623650514,-0.019190660126536547,0.09517476166476745,-0.23557997211656986,0.18191049875824938,0.05535418362423687,-0.02901700713430418,-0.20610903067003175,-0.10871302779637779,-0.3150625630513635,-0.03882994483723302,-0.013870067610873586,-0.16619978673153052,-0.19272442423452796,0.12111812215672954,-0.05467905891977954,0.1510465792300013,0.9972292843026487,1.0,0.9975452402666771,0.9739795535921514,0.48704516797869785,0.5520712241730736,0.3150876696557126,0.6214041987982726,0.6879582994769056,0.5577574283509791,0.060546440347806874,0.034652549590221696,0.4151741581758188,0.17815955566904138,0.21201711564871975,0.2731095831798963,-0.03902796959864133,-0.016093433735992823,-0.003655353783268759,-0.0031474905147973143,0.06610323685048815,0.05635931928252501,-0.029174153432428445,0.06986770088615779,-0.014195231371105834,-0.012647635653247766,-0.009107766035705005,0.014207068748829403,-0.008906699448203511,-0.01307907263552779,-0.005663649495924319,-0.15216475569324747,-0.010026768173122385,-0.15238379823816456,0.07010493415678244,-0.06470472923040879
"Crude oil, Dubai | ($/bbl)",-0.04022100601528072,-0.0032076569153294027,-0.020604297846823137,0.06845507997075545,0.020611328260461068,-0.30041099203070654,-0.36598935058621884,-0.4092426049258225,0.025386526216466428,-0.1730898307416892,-0.01796251699216167,-0.2394800479713112,0.024596751228252174,0.05723478078240932,0.4531342088066368,0.4078572466735818,0.031350513178931436,-0.07600976109961706,-0.05313778492236748,0.07699464754017749,-0.25280563470893214,0.16952428348813214,0.031350513178931436,-0.050630893573994126,-0.2324388805327239,-0.1327150093319699,-0.3219922965954935,-0.05694341158657692,-0.03354700801599786,-0.15773090615455818,-0.18723788613774667,0.10001595490681688,-0.0734067313833703,0.13350005137189808,0.9962433034256094,0.9975452402666771,1.0,0.9709431097712056,0.5012161519251463,0.561291670721438,0.2890704154776832,0.6247608706802713,0.7022649908824704,0.5445673290965671,0.0823187749192395,0.055405912491580125,0.42948171481834424,0.19345664749596647,0.2342949241850118,0.29210658630964464,-0.021236222701963556,-0.014714272256324384,-0.0022454163817698177,-0.0031143021122171342,0.07106393090603064,0.061237379632265394,-0.029082177066379958,0.07429872462671415,-0.015325432851243308,-0.014939844250133843,-0.011409780945835014,0.014265691274176637,-0.010968842502994224,-0.013024878027650316,0.0012228860712515763,-0.12204709315393773,-0.003034683467228936,-0.12208513101181041,0.07687295512750526,-0.07311739170652509
"Crude oil, WTI | ($/bbl)",-0.0443568863109159,-0.06835429747407452,-0.06485435140383355,0.028132695257347955,0.027766674695813728,-0.2615656644685168,-0.3085343007377728,-0.3778654575801297,0.008976711591988177,-0.17351199616478963,-0.024705827426676152,-0.22838817361912245,-0.03724217929693767,-0.0030777189205179237,0.42253123721680014,0.40037246890825223,0.08049750144942419,-0.002798137021531048,0.008173333819588655,0.11003568622081322,-0.20063332125290578,0.17614945125555956,0.08049750144942419,0.006728508733724689,-0.1549380247666474,-0.09813417214594305,-0.19685260953329492,-0.024971196318321016,-0.009836292339451219,-0.1137985411321071,-0.20300740901544836,0.13036010957087643,-0.011778126280780411,0.13883035435823451,0.9872567201770246,0.9739795535921514,0.9709431097712056,1.0,0.5003422436477541,0.5602696970508895,0.4292947911812611,0.6455585645452974,0.6164063201207427,0.6386175751440806,0.06699381806174558,0.05729990020817193,0.42074200222831337,0.1642344300082849,0.24165931483413586,0.29523923908613997,-0.00483600898088087,-0.018512393703246185,-0.005240461236240704,-0.005559002701823242,0.0841207501027255,0.07223784901980677,-0.030920668714384737,0.08738208598904887,-0.019430261801284505,-0.01994231645832357,-0.01526512338065437,0.01413535850950824,-0.014602258915513385,-0.017588419263067572,-0.002081562877814694,-0.20279775627725039,-0.005222641886940549,-0.20286591217678795,0.10221455200853355,-0.07615199527555513
"Coal, Australian | ($/mt)",-0.0674738965610674,0.6060425736738184,0.6623287368387316,-0.5821350696652143,0.7232401521867957,-0.0795818470177361,0.21869189436463612,-0.007531316817061189,0.021537185531050093,-0.3683380319067867,0.6974644931165993,0.25983922395058895,0.6113313843262695,0.650418493759626,0.7808886895131112,0.7390031786640654,-0.25092233322946644,-0.3618545040612801,-0.41220946674678005,-0.17752035200070276,-0.2228449105099685,-0.2553076030951098,-0.25092233322946644,-0.23641573129671636,-0.53551797177977,-0.53995151283063,-0.08471680383296107,-0.0467574231581474,-0.12298347686956096,0.4725360374645701,-0.18837446862530763,-0.2110654513392764,0.029283198432306378,-0.41781495975288835,0.49910354450061845,0.48704516797869785,0.5012161519251463,0.5003422436477541,1.0,0.9651034172845526,0.1394548545199874,0.7684902782443818,0.5799989333194909,0.5680018941584698,0.6634373520465057,0.6548937615989341,0.7722570669775287,0.07497642667736833,0.7084335437754913,0.7341387315950362,0.283442227931076,-0.001090717654673591,0.003573437966907682,-0.023287381450095294,0.02056969007429025,0.013726234445155187,-0.008633684019637182,0.01963171602987393,-0.014204146970532705,-0.03219149076706393,-0.04025930105469761,-0.021494677047526625,-0.018363966751909978,-0.0035398891726988596,0.023496760037604193,0.4907036239763146,0.02013333848707768,0.4910746017312154,0.2724600153493064,-0.015319245375984652
"Coal, South African ** | ($/mt)",-0.06474028491244385,0.49300198343341045,0.5503497096830186,-0.5176564815285772,0.6133383925906144,-0.08035203328302717,0.24167053265499627,-0.012605877725646355,-0.013066889431873018,-0.3340622438078349,0.5916926592877051,0.22419677749714112,0.49122485081393213,0.5329078498272104,0.7423167673197815,0.7330423196714734,-0.20077833356678648,-0.2974362861343151,-0.33258613414642413,-0.13896115245054536,-0.2344605402274542,-0.19391711054415112,-0.20077833356678648,-0.19829762236585918,-0.47444320186851613,-0.4510540893496347,-0.14224507650271573,-0.038041216573658936,-0.09580111523650439,0.35943461017217254,-0.15938519743279295,-0.1604609852353964,0.014110229386374002,-0.3262493604689842,0.5612480459588952,0.5520712241730736,0.561291670721438,0.5602696970508895,0.9651034172845526,1.0,0.20820389149956137,0.7695315413362538,0.6088964702561843,0.6119374647596985,0.5376211947077042,0.5259930647974741,0.662891901894845,-0.057133517582545035,0.5872663120590702,0.611086602493445,0.1890341116022493,0.0020884534462627313,0.005280193411497411,-0.012557247976251587,-0.015185617218157468,-0.01726621406574226,-0.008456215215237373,-0.01720254576103655,-0.01707883608848918,-0.014200197412932741,-0.026496790526650247,-0.02171269028282432,0.0020236891442931533,-0.0025478937532116375,0.02559177021739428,0.39916342918208697,0.022009087256295676,0.39962000703457773,0.25297680335342454,0.004100304541422564
"Natural gas, US | ($/mmbtu)",-0.03919340486666708,-0.46449769110854994,-0.35261154491654934,-0.14585634541278655,-0.0704572092474152,-0.02181611263323362,0.1302842119309918,-0.034248516178360305,-0.13200481337213532,-0.16345829546038748,-0.15048673149035768,-0.07396200792538003,-0.4330737350156837,-0.40133195750241896,0.14032816631805473,0.2628050369070845,0.21376924195117383,0.28486541301067597,0.3181542004189108,0.16752547013495916,0.08015252535712694,0.12949250667438028,0.21376924195117383,0.23474524966599644,0.2738620336947537,0.12209010000387684,0.4039099357285016,0.100590169346213,0.09018540827674906,0.051272900340094386,-0.21048263538087425,0.1666961500939079,0.1415256440541835,0.18262615586534034,0.34423499956807285,0.3150876696557126,0.2890704154776832,0.4292947911812611,0.1394548545199874,0.20820389149956137,1.0,0.44354813449793473,0.04296266083170696,0.8170403748152019,-0.1287341976967981,-0.09850240727987172,0.09857964746624091,-0.16056951409802014,0.009403537335046829,0.02545702310520629,-0.1418966815520865,-0.018190999703078928,-0.020971064029515336,-0.004170402557917553,-0.028998345129603635,-0.02980689243846912,-0.007218015789784991,-0.023668062424758267,-0.02388935529009476,-0.003825538710553101,-0.020418962864572125,-0.011708861660609778,0.024574738768751127,-0.021217219294761343,-0.015552134319956898,-0.5673719640062072,-0.018199541340485157,-0.5676612759089971,0.13779424457938855,-0.07679037423442434
"Natural gas, Europe | ($/mmbtu)",-0.045899537636079145,0.2596487647344056,0.2899604989589938,-0.27311509917209525,0.438824273078007,-0.21956340212631761,0.016086011561944266,-0.16368561485945954,-0.0034285568416727026,-0.35920702268028715,0.3792572747182004,0.06876781716132585,0.28924547847656096,0.334153427497735,0.6935240721276558,0.6487807070224128,-0.25516281185162143,-0.3348671047409758,-0.32682482432682675,-0.18816620655283356,-0.2844993759014921,-0.16341761952718922,-0.25516281185162143,-0.2392836198715679,-0.42893438322373173,-0.4607145790868245,-0.020868597789425937,-0.154815685278848,-0.20075387904505831,0.29113742701430545,-0.3566930637172895,-0.19924502403042313,-0.03312907173835547,-0.23331700710624376,0.6340547680212917,0.6214041987982726,0.6247608706802713,0.6455585645452974,0.7684902782443818,0.7695315413362538,0.44354813449793473,1.0,0.7200451136522971,0.8597171107659548,0.4578961446709094,0.4632066352394556,0.7784254662086509,0.10369493675934445,0.5964313812456684,0.6885527298544338,0.04359987705027027,0.006324963694497545,0.0068438839465643575,0.005757572222180603,-0.05120531341425721,-0.03649447604021772,-0.0015948437484852116,-0.05883674777667477,-0.03758845957380474,-0.008922320288159754,-0.02629757907733582,-0.02880917935296726,0.023294766476334335,-0.003232025081656725,0.09368851953510189,0.09671501452636976,0.08672380267429528,0.09906298005108358,0.26421688518218717,-0.00805527944883752
"Liquefied natural gas, Japan | ($/mmbtu)",-0.037449664963872496,0.3210070858780875,0.25110708169093754,0.07264711741439733,0.20555383173065908,-0.3662235207787589,-0.2630271304131259,-0.2837768361490499,0.037884522807474376,-0.0976402029316308,0.1990391034770596,-0.059573225941099636,0.3508922484399506,0.38582541188200237,0.6072848585587535,0.48330579076178504,-0.2377821972045012,-0.3585540293115756,-0.3177440431148633,-0.15317812406310535,-0.3602705761672647,-0.08241682641018608,-0.2377821972045012,-0.3022768033623388,-0.4841658622838863,-0.33942583845792507,-0.4745418309094654,-0.23367226135639854,-0.22172504144837762,-0.03900649833188553,-0.10985655167603686,-0.12622930362327767,-0.2245660454563786,-0.04410567134731059,0.6745689840588498,0.6879582994769056,0.7022649908824704,0.6164063201207427,0.5799989333194909,0.6088964702561843,0.04296266083170696,0.7200451136522971,1.0,0.4681172539081461,0.3336847015694049,0.3015720166360685,0.5675831747972656,0.21376194924442762,0.3868933252839439,0.48921906378965746,0.0012999649075276362,0.003983103422463206,0.004133477948437481,0.010112162245339758,-0.04380306267055085,-0.034940639619237254,-0.006956863748999745,-0.04834803408616713,-0.016185464683611678,0.015679035882170005,0.004575701919776057,-0.015070004393806203,0.02813914633725382,0.0002879774287591025,0.0352577789258249,0.22999324708039745,0.028992819413763807,0.2307047028329475,0.117552938588094,0.038493418102493446
Natural gas index | (2010=100),-0.05271331481594488,-0.08835156059285416,-0.006686140458251881,-0.258336151751891,0.2379589567777595,-0.1279805874280114,0.12690096974282045,-0.10252470796987305,-0.0761872990228431,-0.3120308062766701,0.15954008146330942,0.014363378067395379,-0.05657033122296532,-0.011542962898979905,0.5227155645854735,0.5647652507844673,-0.035951936497502245,-0.042834561823954884,-0.022346653836273603,-0.02447461090473492,-0.12921052401033994,-0.03605941828539012,-0.035951936497502245,-0.01614393885769539,-0.11355815076184499,-0.21263547709369185,0.19965380667246468,-0.030478262095410873,-0.06551340139027809,0.21749404075417816,-0.32456510178535725,-0.03010465615736257,0.04755542025876668,-0.04641292557060625,0.5822681989310354,0.5577574283509791,0.5445673290965671,0.6386175751440806,0.5680018941584698,0.6119374647596985,0.8170403748152019,0.8597171107659548,0.4681172539081461,1.0,0.2119409104239654,0.23263248251895216,0.5247001866792448,-0.06748522440232968,0.36327994145818154,0.43524186370842954,-0.05344646515770019,-0.00831131533949032,-0.010141277988544048,0.00012917429632942288,-0.061091603157743,-0.05274830804948102,-0.006162966818639466,-0.062071269764590396,-0.035231601077085915,0.0015092863745347982,-0.019593563904998574,-0.02623327573304294,0.03651018419856045,-0.011050747051598113,0.0371745106769533,-0.23648806038169143,0.03269633013062123,-0.23550134427261218,0.24083708164596795,-0.048802820943198245
euro per m3,-0.05021067442081932,0.8858495437151694,0.9120886430296161,-0.6367144239744428,0.9365318359289095,0.08561704830431419,0.28387381668358525,0.18843681265620874,0.12229847650789413,-0.20455097159625124,0.9355381820764689,0.45800760870895635,0.9062629848041844,0.9157614249137355,0.6721420731097872,0.5594026409733468,-0.38487399074539475,-0.4972002207818067,-0.6099711628031316,-0.3194011554044813,-0.18646836687172094,-0.476583251717291,-0.38487399074539475,-0.3014949279962602,-0.6431371922473585,-0.744965320084692,0.13067574592208994,0.022041775736027613,-0.09020303781320796,0.7012405108769751,-0.21488963652826834,-0.41616511859815386,0.0006360798690378275,-0.6935419235928706,0.07035396770166452,0.060546440347806874,0.0823187749192395,0.06699381806174558,0.6634373520465057,0.5376211947077042,-0.1287341976967981,0.4578961446709094,0.3336847015694049,0.2119409104239654,1.0,0.9849897222209754,0.8131214481133368,0.2789814159699277,0.8901027262705237,0.881382238682237,0.4227208708548375,0.03912358828855278,0.04397697411792422,-0.008787058273827152,0.08506650566727131,0.08603694613753478,0.002522942982494386,0.07392401929221049,-0.013312852479053748,-0.024926388077434965,-0.02998620507962363,-0.013717776029265721,-0.01681648779936989,-0.009203738573797655,0.06569194617160107,0.7690556486675437,0.06183178035823874,0.7704693620598166,0.1791583540297275,0.015216669118599778
euro per m3.1,-0.07185789493244418,0.8687398276831901,0.8923778327603312,-0.6163916142960045,0.9343655873637603,0.12084606794763418,0.31985763246736526,0.20375350577226312,0.11152620856346965,-0.1848264099110369,0.9332373613997031,0.4708858614191461,0.8947029114050469,0.9041003093653708,0.6347260180296123,0.5237492268555292,-0.3955432117307235,-0.49651925949136355,-0.6176430726101092,-0.3394511384269093,-0.19446869413840337,-0.4888054708054496,-0.3955432117307235,-0.31171298558146826,-0.6383703029856395,-0.7518508580107641,0.1623956819307761,0.012796558253144939,-0.10633671574672648,0.7418229334723692,-0.24530333432577847,-0.43163559293584575,0.004201564564701843,-0.7099662628426675,0.04905955167558064,0.034652549590221696,0.055405912491580125,0.05729990020817193,0.6548937615989341,0.5259930647974741,-0.09850240727987172,0.4632066352394556,0.3015720166360685,0.23263248251895216,0.9849897222209754,1.0,0.822786796364362,0.2365243218861104,0.9026762517654257,0.8901160920578959,0.4080140726679685,0.03460162067325047,0.039183566700008804,-0.011688173063440868,0.06860624611612923,0.06664679816692884,0.0002238600554550712,0.060109360591268646,-0.009829517911215795,-0.01528985252895837,-0.02051302340187812,-0.011047699174915143,-0.011379482872026656,-0.00696379888341141,0.009577252008458145,0.7601897105575803,0.007692768739046118,0.7601185075616623,0.2490211395645259,0.029392935991855818
euro per m3.2,-0.0595879440913975,0.6493677020657505,0.6597514674988287,-0.4328939497355026,0.7494147222928895,-0.056682675047079766,0.08026547333835557,-0.031305951317575215,0.10560714729226547,-0.3032392012673593,0.7179546513704086,0.26522575515074803,0.700093269510781,0.7235208826493787,0.709769376035738,0.6157403796531263,-0.27969726781647003,-0.4368016317303537,-0.5021900828280219,-0.1988003821869272,-0.20952470322727096,-0.27770535994567036,-0.27969726781647003,-0.27712243376014223,-0.6146967539960495,-0.6735374631205522,-0.007679694207973456,-0.03429317335638926,-0.1284425760545297,0.590587401225679,-0.35905142201666307,-0.259469946866918,0.06107229966471681,-0.4816817516667726,0.42439145011941504,0.4151741581758188,0.42948171481834424,0.42074200222831337,0.7722570669775287,0.662891901894845,0.09857964746624091,0.7784254662086509,0.5675831747972656,0.5247001866792448,0.8131214481133368,0.822786796364362,1.0,0.34081036029379735,0.8578247616693356,0.9444990846740409,0.3054540810365097,0.01986641937526109,0.0265285998430411,-0.009340040316837226,0.04616737502188993,0.04952645922139908,-0.005116841803656464,0.03761049646891515,-0.017607247859028192,-0.017143297600060867,-0.023830269656481887,-0.012366803750458502,-0.004896996640871768,-0.006889477359906591,0.01849736887917376,0.495810058496265,0.013335797019725105,0.4959922816513733,0.28537404099405983,0.01788601442107833
euro per kWh,0.08496377482834744,0.21520236101284035,0.20185427122408695,-0.07944940162368608,0.1420169431054064,-0.3581947377780544,-0.6102165247847678,-0.14761111997238968,0.16805621373582644,-0.13774095451810764,0.09210141469523044,-0.039380405443835434,0.24597662429193798,0.23526339967705787,0.14684943399962472,0.02584462971081351,-0.04739240634555953,-0.10361548349079937,-0.07025506217214979,-0.02612508607392175,-0.03486735598255757,0.013965249368619056,-0.04739240634555953,-0.02287322663322297,-0.07624329868740268,-0.10841240685095418,0.06319931956136451,-0.0308151941202652,-0.03922525781239823,0.059046234903326125,-0.11611552313501541,-0.06878493370834206,-0.08310908840519246,-0.0009908625484965664,0.18008135375650972,0.17815955566904138,0.19345664749596647,0.1642344300082849,0.07497642667736833,-0.057133517582545035,-0.16056951409802014,0.10369493675934445,0.21376194924442762,-0.06748522440232968,0.2789814159699277,0.2365243218861104,0.34081036029379735,1.0,0.32766217450723917,0.32823663327065056,0.21817435440378644,0.04318151436558258,0.04544868314968015,0.03743086920162926,0.02424603859909744,0.04561800105381358,0.00835122661228538,0.01163792041420942,-0.01021009826722042,0.01365383092300043,0.009392611410580296,-0.01613141824083585,0.0195006202505151,-0.009996968024290821,0.02649647847409767,0.034076504749478466,0.02252525690898096,0.03468302468306547,0.12564163089839434,-0.08335999145741649
euro per kWh.1,-0.11876612561450262,0.7324178591400631,0.7797998420041397,-0.6246854954513812,0.8922502667104834,-0.06474457332108857,0.08619251111641343,0.021348518389163455,0.10213813297695598,-0.35199717534100644,0.8457512437257361,0.35146434119418996,0.7529723744106798,0.7739229052192164,0.6618848304243108,0.5699979057033674,-0.4649492615031135,-0.6248153179505199,-0.7166862978065117,-0.3523877001722092,-0.26594172478241124,-0.43265752640065075,-0.4649492615031135,-0.3907211611617377,-0.714026234133443,-0.831431997532074,0.16507309131215292,-0.12055936325385248,-0.23481059003887292,0.6687338535331834,-0.44206190101261106,-0.4331545336263924,0.03620924526555419,-0.7132363790905257,0.2302589964788417,0.21201711564871975,0.2342949241850118,0.24165931483413586,0.7084335437754913,0.5872663120590702,0.009403537335046829,0.5964313812456684,0.3868933252839439,0.36327994145818154,0.8901027262705237,0.9026762517654257,0.8578247616693356,0.32766217450723917,1.0,0.9285133697877576,0.42822774751887455,0.025540604923584093,0.029379093887957224,1.1252620003215397e-05,0.026122575537903047,0.02326477202725772,-0.007439852551605016,0.021313772322966378,-0.009708860553469315,-0.006515993976953454,-0.014422034281531113,-0.01785341001758047,-0.0028961174874734623,-0.01119119831258059,-0.04512004078851474,0.5552067629145674,-0.04512735008359471,0.5537598220045413,0.3516459245084128,-0.05872305112127903
euro per kWh.2,-0.06982354348650824,0.7251094525144315,0.7334615581875882,-0.4710376450059668,0.8213347115243987,-0.03441480376603767,0.11185635459110455,-0.00545864153332938,0.11396948298949465,-0.26705464620308883,0.7914683942376917,0.3050587192156062,0.7650140367960899,0.7843128467478785,0.6820295258252486,0.5660717017612495,-0.3798440084908995,-0.5398595860393234,-0.6132547492944284,-0.28391199306260023,-0.21187139720357398,-0.38442714791241334,-0.3798440084908995,-0.3535988824596156,-0.6984433350264458,-0.7695507449142471,0.025706371906936025,-0.06890373423915823,-0.17183506851667682,0.63803765663923,-0.3560760528905124,-0.34707277750415133,0.04819678413453147,-0.6151085619623734,0.28825128049509896,0.2731095831798963,0.29210658630964464,0.29523923908613997,0.7341387315950362,0.611086602493445,0.02545702310520629,0.6885527298544338,0.48921906378965746,0.43524186370842954,0.881382238682237,0.8901160920578959,0.9444990846740409,0.32823663327065056,0.9285133697877576,1.0,0.4284181829221768,0.026599785414286554,0.03244465861925211,-0.0035200175195052668,0.04978665044601755,0.05308330406848633,-0.003783074680926108,0.039600362759606746,-0.01524252337564778,-0.018626354935421523,-0.02576428666609747,-0.01566813820983259,-0.008234715133731751,-0.011350615938741352,0.03424787225233597,0.5700949522430471,0.030231716957388105,0.5707140009533228,0.28172041558571465,-0.027218257699116993
nat,0.05045950610759044,0.4044592758642553,0.40318589652317016,-0.24035166554885998,0.4213167833966714,0.05686075732773339,-0.08232849483540218,0.03681104518255206,0.10430958814236693,0.02244238011881674,0.40862697221860333,0.16381203427047447,0.42859033612099023,0.42643430864460236,0.16286076298584415,0.11854715021759846,-0.11027361302410775,-0.17072344386506122,-0.2563506522708759,-0.02570182696326042,0.13358698996398186,-0.294604375500015,-0.11027361302410775,-0.19375535861653329,-0.35100912121477906,-0.3711459161382128,-0.044889554790174785,-0.04283693271947995,-0.10250366907325038,0.35104754942176747,0.010828845439877768,0.02687665259673369,0.32214816920916484,-0.3849595327706812,-0.022448666696760523,-0.03902796959864133,-0.021236222701963556,-0.00483600898088087,0.283442227931076,0.1890341116022493,-0.1418966815520865,0.04359987705027027,0.0012999649075276362,-0.05344646515770019,0.4227208708548375,0.4080140726679685,0.3054540810365097,0.21817435440378644,0.42822774751887455,0.4284181829221768,1.0,0.041264941250561606,0.044350053627388496,0.014737990063366109,0.08966005941777855,0.09468209965347343,0.010532453417643396,0.07810560769862958,-0.023686905907715952,-0.05383885059576319,-0.05009527617022824,-0.006088925665372985,-0.04358771534113328,-0.017431337735423855,0.11909200856357877,0.3276246389160852,0.12036077178962645,0.33081138126063514,-0.011089547806345022,-0.29076399966399463
DailyPrecipitation,0.04128259693432866,0.034920068835934924,0.031911620836035624,-0.00969276759053201,0.027169679690025157,-0.003273446171192534,-0.02082307477804734,0.039560015763567664,0.013909411419858114,0.015967344797240136,0.025296715650437517,0.03885583756469932,0.030268099329386577,0.028231387851794024,-0.00956573303048429,-0.01256891594733099,-0.013506868049147826,-0.003030237162244407,-0.007704923626072239,-0.013089396976121563,0.008364711975273546,-0.02453960478879506,-0.013506868049147826,-0.020576041920708662,-0.01576456363794236,-0.023052151588503222,0.014124438122023877,-0.0001368792138680895,-0.0014623672905625283,0.022819296523918155,-0.025855810928269336,0.002584464308370148,0.008904761340412938,-0.009926571320424463,-0.016488550291091926,-0.016093433735992823,-0.014714272256324384,-0.018512393703246185,-0.001090717654673591,0.0020884534462627313,-0.018190999703078928,0.006324963694497545,0.003983103422463206,-0.00831131533949032,0.03912358828855278,0.03460162067325047,0.01986641937526109,0.04318151436558258,0.025540604923584093,0.026599785414286554,0.041264941250561606,1.0,0.9424028165514238,0.4769802239172197,-0.001956562923875384,0.1303970303256543,0.11512532288156047,-0.07739106379028456,-0.09115561549480754,0.33289942937105543,0.3582607625002492,-0.042898909068545175,0.24751695708733104,0.08587538451913608,0.05842442662881517,0.021242143659592674,0.06100470479967753,0.02291118734111679,-0.020083658773279042,-0.049903278356920225
MaxHourlyPrecipitation,0.03458482783404251,0.03784174793895299,0.03462685799554657,-0.010643950297056042,0.03065144326800429,0.0062682683307869694,-0.020474113900985545,0.019719989466282388,-0.000882056693225485,0.011867136051028357,0.029427474095531307,0.021335352605155598,0.03540892905895979,0.03293153704586993,-0.008523374165831887,-0.009956544745108004,-0.01573025857854474,-0.0007545281799643621,-0.008913838725771062,-0.018986331232562107,0.009514006630704855,-0.031210555609457135,-0.01573025857854474,-0.02827189278634431,-0.0172054610956668,-0.02167270835481917,0.009903073956116176,-0.0055033570606588525,-0.006098931938719011,0.02089807612128429,-0.006801602151485358,0.004109308195634926,0.01159413001083488,-0.008955512424483284,-0.003699148957327515,-0.003655353783268759,-0.0022454163817698177,-0.005240461236240704,0.003573437966907682,0.005280193411497411,-0.020971064029515336,0.0068438839465643575,0.004133477948437481,-0.010141277988544048,0.04397697411792422,0.039183566700008804,0.0265285998430411,0.04544868314968015,0.029379093887957224,0.03244465861925211,0.044350053627388496,0.9424028165514238,1.0,0.49833210282851825,0.055162774721574666,0.1789549905571966,0.12739889155598758,-0.0160242509020246,-0.1041639283106632,0.30555965858211226,0.33999094562780185,-0.030529942431077497,0.21898636296432092,0.08455176028109831,0.06674485226653615,0.02401695987437767,0.06839860172062702,0.025888220665482013,-0.0525910961571777,-0.07109339161330282
HDMaxPrecipitation,0.03426863537381956,-0.011534841584058118,-0.015554922134479116,0.022280786692248592,-0.017298908978667052,-0.028341985629579385,-0.05586134139275252,0.023901017375237997,0.0010489537971861607,0.0034317649481493927,-0.02324594832250755,0.021542318143962732,-0.017243557218310928,-0.018831827969857464,-0.023333488582023967,-0.020070228091467638,-0.01505682709052286,-0.007070873385690548,-0.0027288949434676807,-0.01182960842511939,-0.008926329874723067,0.002850214644724868,-0.01505682709052286,-0.016472989400505598,-0.0006523955508253693,-0.003546429532340669,0.007891510287878828,-0.017591730517844826,-0.014151941739026258,-0.014558446735454162,-0.05961548391795309,0.0023382324996125527,0.003506297194377172,0.012657118428584552,-0.0039162958854279594,-0.0031474905147973143,-0.0031143021122171342,-0.005559002701823242,-0.023287381450095294,-0.012557247976251587,-0.004170402557917553,0.005757572222180603,0.010112162245339758,0.00012917429632942288,-0.008787058273827152,-0.011688173063440868,-0.009340040316837226,0.03743086920162926,1.1252620003215397e-05,-0.0035200175195052668,0.014737990063366109,0.4769802239172197,0.49833210282851825,1.0,-0.035163536189831764,0.06560099487210981,-0.03139486389877605,-0.09845996112793913,-0.01174526834742688,0.2548325141235068,0.2568913388325489,0.07013081606360098,0.20905569921147582,0.0017594530253966965,0.02911641424884114,-0.025507593697173384,0.03310888004384096,-0.024587987687718898,0.015041138833285183,-0.026946860782168444
DailyMeanTemperature,-0.052449432451657015,0.05587780206846256,0.05566468437916429,-0.03261945811204786,0.06221582147840894,0.09013080554819407,0.039825798549570544,-0.21426880345029053,-0.060246856034335196,0.011012165091895182,0.076777609422954,-0.2124477483703313,0.08125883672169747,0.08095250811429967,0.004005173225719392,0.007651078688217715,-0.013360147586571452,0.03131086250417471,-0.0157220732377604,-0.053005102120063104,0.019087719013355466,-0.06124710380938897,-0.013360147586571452,-0.00940045387488148,0.009730337776043249,0.011674089287929422,0.04587985897306841,0.0431046913931271,0.03992709936751123,0.04004262390410278,0.24878977589778437,-0.033378700892335064,-0.02083655515632385,-0.037471612002814084,0.07388341593776593,0.06610323685048815,0.07106393090603064,0.0841207501027255,0.02056969007429025,-0.015185617218157468,-0.028998345129603635,-0.05120531341425721,-0.04380306267055085,-0.061091603157743,0.08506650566727131,0.06860624611612923,0.04616737502188993,0.02424603859909744,0.026122575537903047,0.04978665044601755,0.08966005941777855,-0.001956562923875384,0.055162774721574666,-0.035163536189831764,1.0,0.9312312642280196,-0.058716276881548776,0.9723006327989526,0.05664971274765178,-0.12636767689275966,-0.06770720432504886,0.0890376726930181,-0.1637506560285589,-0.03885679718219215,0.21667994803391066,0.05289712403152446,0.21492882408176925,0.05878557690337524,-0.480565872679356,-0.20892763682262272
HourlyMinTemperature,-0.018419464135759785,0.054996795922750905,0.05249718172732178,-0.023396040203746422,0.05715571300201242,0.08318355652155666,0.019350716647012083,-0.16540902588840764,-0.043579156096579405,0.012764666783439762,0.0692735171342713,-0.1690982791205242,0.07600871130595498,0.07435097991715142,-0.0053205462353240075,-0.001407539387298175,-0.012131143293622334,0.03748225656392913,-0.007283917681053648,-0.0486624566835465,0.018860996390839813,-0.057183336393094884,-0.012131143293622334,-0.008291384545334046,0.01374578023906928,0.01230135594404698,0.04934208287706766,0.04556647763536428,0.044027800919793914,0.03527061974762176,0.21292906292858446,-0.024706149467242387,-0.016466216486670453,-0.026250213560002067,0.06337593930331406,0.05635931928252501,0.061237379632265394,0.07223784901980677,0.013726234445155187,-0.01726621406574226,-0.02980689243846912,-0.03649447604021772,-0.034940639619237254,-0.05274830804948102,0.08603694613753478,0.06664679816692884,0.04952645922139908,0.04561800105381358,0.02326477202725772,0.05308330406848633,0.09468209965347343,0.1303970303256543,0.1789549905571966,0.06560099487210981,0.9312312642280196,1.0,0.01688080747259661,0.8403056292389101,0.00028508882592792503,0.018393009351545087,0.037649284231784486,0.02917436419932946,0.011010524211810395,0.019824163335854857,0.253531479791672,0.04394545104110247,0.25283923279700254,0.050879341761786746,-0.4656996264317237,-0.20105574303790907
HDMinTemperature,0.032761700109522555,0.007032434114905985,0.005488899291989163,0.0016134232801130529,0.0007848246798161947,0.004461941993256307,0.0008667780129911477,0.043003304028725715,-0.0031511536136813807,0.002644544902841014,0.0005963864963756567,0.03609070286003138,0.004650927192439798,0.003006096693578609,-0.01066972511608822,-0.012523247524961083,0.004448770425034699,0.009515292271391085,0.011292672576529744,0.000805398285066062,0.011194502407425982,-0.0033620819626226307,0.004448770425034699,0.004273432445901766,0.010115491706377922,0.008410456110541328,0.0055323670707560025,-0.0028564961247867803,-0.002159126732404305,-0.0031809828277217867,0.0034383364995056458,0.003347804551238805,0.010797668803217152,0.002771646191563444,-0.029876434659369365,-0.029174153432428445,-0.029082177066379958,-0.030920668714384737,-0.008633684019637182,-0.008456215215237373,-0.007218015789784991,-0.0015948437484852116,-0.006956863748999745,-0.006162966818639466,0.002522942982494386,0.0002238600554550712,-0.005116841803656464,0.00835122661228538,-0.007439852551605016,-0.003783074680926108,0.010532453417643396,0.11512532288156047,0.12739889155598758,-0.03139486389877605,-0.058716276881548776,0.01688080747259661,1.0,-0.10224736489174241,-0.3003380801029713,0.044864291230157935,0.04952033248791362,-0.21678169242054224,0.002842257736479341,0.3098978761863383,0.030003461160402388,0.004392024194691914,0.03482484508126508,0.005347682099564643,-0.01631693598850544,-0.003797802700850248
HourlyMaxTemperature,-0.06805695998412499,0.046107553767261264,0.047571104880744015,-0.03311784353404263,0.05548447823602363,0.08600306583252502,0.045462536392222225,-0.239527789164895,-0.06788134802845004,0.00899530945626422,0.07043994171595243,-0.23522666420638194,0.07330654637910196,0.07349025539186983,0.003978571742005298,0.008528344581785368,-0.01316125933631913,0.029418598731814412,-0.015178384750244706,-0.05314595640688187,0.01775500628145371,-0.05952417527198116,-0.01316125933631913,-0.008413553554507095,0.011801046241707979,0.014897523373607922,0.04393094185875743,0.03870713109858702,0.035563798770452855,0.03611748521330775,0.25185415164075814,-0.03518666285315108,-0.0247584389791275,-0.03717127759456294,0.07733292841160473,0.06986770088615779,0.07429872462671415,0.08738208598904887,0.01963171602987393,-0.01720254576103655,-0.023668062424758267,-0.05883674777667477,-0.04834803408616713,-0.062071269764590396,0.07392401929221049,0.060109360591268646,0.03761049646891515,0.01163792041420942,0.021313772322966378,0.039600362759606746,0.07810560769862958,-0.07739106379028456,-0.0160242509020246,-0.09845996112793913,0.9723006327989526,0.8403056292389101,-0.10224736489174241,1.0,0.08796591731030014,-0.21760542011234255,-0.137303569216063,0.11897583550858108,-0.25632811838657316,-0.0688799852604898,0.1752799149803317,0.048501284198024845,0.17234433440861507,0.053220777750101804,-0.46201048729858624,-0.20230459108072618
HDMaxTemperature,-0.034876289295552955,-0.002362210002471011,-0.005216382948111249,0.012347840089393805,-0.011728395973242206,0.014190322908901683,0.0038362221304548555,-0.012228763882367872,0.0027941619112874095,0.014304284425899112,-0.008046638941497136,-0.013050686355966689,0.001063436880996665,0.0006765046876146556,-0.004558405882274339,-0.0030336535900731703,-0.004854588977608682,-0.001797594383838245,-0.002248820052728187,-0.008393446146843182,0.004720680578714488,-0.0011646535881837956,-0.004854588977608682,-0.007769217148291561,0.0011046895794653525,0.006900460786134342,-0.009867119603340814,0.0013506443496840484,0.0009177508518756883,0.0018747770495240782,0.006058372144834368,-0.0016813809977930636,-0.0008708789317163313,-0.0006907449246350362,-0.01631869169818675,-0.014195231371105834,-0.015325432851243308,-0.019430261801284505,-0.014204146970532705,-0.01707883608848918,-0.02388935529009476,-0.03758845957380474,-0.016185464683611678,-0.035231601077085915,-0.013312852479053748,-0.009829517911215795,-0.017607247859028192,-0.01021009826722042,-0.009708860553469315,-0.01524252337564778,-0.023686905907715952,-0.09115561549480754,-0.1041639283106632,-0.01174526834742688,0.05664971274765178,0.00028508882592792503,-0.3003380801029713,0.08796591731030014,1.0,-0.04774673631515024,-0.07436221575500422,0.1150000041828107,-0.02215890751223824,-0.07995216086539268,-0.06470362050999118,0.011070915321363704,-0.06928929329317388,0.009162123534612569,0.012144366237565745,-0.010710086661082655
DailyMeanWindspeed,0.0059728456973374535,-0.022811086436290984,-0.02418361401422848,0.019012969530515556,-0.032413720724518494,-0.016987862218519875,-0.04109049051172156,0.07579361046142273,0.024152164810842727,-0.007184001591702751,-0.037110512154682654,0.0698492192719182,-0.03359756505463705,-0.032546626862709115,-0.012830074205329112,-0.013785055250404884,-0.011099425797748861,-0.010146154024378773,0.014463820328350396,-0.010724784711399612,-0.034057445391301865,0.010376261947984943,-0.011099425797748861,-0.01043554592256376,-0.009208544312692803,-0.006633641857863959,-0.020038620107861126,-0.009189105073466979,-0.006265390146186294,-0.007818825745445977,-0.1096180474755077,-0.006567490575090397,-0.047027516138290225,0.02760755728967289,-0.015805493881626886,-0.012647635653247766,-0.014939844250133843,-0.01994231645832357,-0.03219149076706393,-0.014200197412932741,-0.003825538710553101,-0.008922320288159754,0.015679035882170005,0.0015092863745347982,-0.024926388077434965,-0.01528985252895837,-0.017143297600060867,0.01365383092300043,-0.006515993976953454,-0.018626354935421523,-0.05383885059576319,0.33289942937105543,0.30555965858211226,0.2548325141235068,-0.12636767689275966,0.018393009351545087,0.044864291230157935,-0.21760542011234255,-0.04774673631515024,1.0,0.9152836520756515,-0.011274563671529523,0.8206630476710879,0.12850092416720843,-0.11287533293154181,-0.023627731104107416,-0.10944314320934263,-0.026627399254173085,0.1941586378644454,0.10531558133120347
MaxHourlyMeanWindspeed,-0.0025149216243811703,-0.021945545238817248,-0.026671457963777956,0.03131729957681924,-0.038761152639153196,-0.00650153560063423,-0.04038996480115302,0.037947472008473586,0.024451804554490426,0.004325068970651892,-0.04039985017945081,0.030938669481688972,-0.030684071934818046,-0.03051770725352012,-0.025921966789911714,-0.02890470204760742,-0.010207158128928012,-0.006158351665906409,0.014224112240269936,-0.014431922452314824,-0.0295024561937253,0.009672200295127244,-0.010207158128928012,-0.012922850581399956,-0.0035648593713910317,0.0033304217300958393,-0.024045327766683767,-0.014845827218652612,-0.011041167482816949,-0.014764951779276923,-0.08392523663010876,-0.005197991677966511,-0.04668113117945601,0.029752304159240964,-0.01188817050386044,-0.009107766035705005,-0.011409780945835014,-0.01526512338065437,-0.04025930105469761,-0.026496790526650247,-0.020418962864572125,-0.02629757907733582,0.004575701919776057,-0.019593563904998574,-0.02998620507962363,-0.02051302340187812,-0.023830269656481887,0.009392611410580296,-0.014422034281531113,-0.02576428666609747,-0.05009527617022824,0.3582607625002492,0.33999094562780185,0.2568913388325489,-0.06770720432504886,0.037649284231784486,0.04952033248791362,-0.137303569216063,-0.07436221575500422,0.9152836520756515,1.0,0.1288949114761295,0.657801549555572,0.1107557182448019,-0.11402381489883791,-0.018609898391834412,-0.11021273543219735,-0.021632587481909247,0.15194834027801163,0.08647968845386865
HDMaxMeanWindspeed,-0.026847477634451517,-0.007932466093815548,-0.01457953296122316,0.03022457605355229,-0.021212478960998652,0.023899929056632734,-0.0002162342423911906,-0.034794101548542844,0.006351337100348462,0.034201957325240666,-0.015326820126814609,-0.03762071884713895,-0.004100262135680575,-0.004912149453069595,-0.020955903839133375,-0.021473372950633153,0.0020028927223270277,0.007983760518618332,0.006680717152277249,-0.00516403202072131,-0.0005761841225839144,0.0008092133708917935,0.0020028927223270277,-0.0018092137518260424,0.00473355650356667,0.013300466996705455,-0.014881326106630134,-0.0008221861349479323,0.0006224576824004754,-0.009696718245086765,0.03291014688922671,0.0001069383557934372,-0.010278669906016235,0.0068374634326793205,0.01429341068666947,0.014207068748829403,0.014265691274176637,0.01413535850950824,-0.021494677047526625,-0.02171269028282432,-0.011708861660609778,-0.02880917935296726,-0.015070004393806203,-0.02623327573304294,-0.013717776029265721,-0.011047699174915143,-0.012366803750458502,-0.01613141824083585,-0.01785341001758047,-0.01566813820983259,-0.006088925665372985,-0.042898909068545175,-0.030529942431077497,0.07013081606360098,0.0890376726930181,0.02917436419932946,-0.21678169242054224,0.11897583550858108,0.1150000041828107,-0.011274563671529523,0.1288949114761295,1.0,-0.049080472285837735,-0.3703670326295408,-0.03133177728339598,0.001069052489454339,-0.036155023248270676,7.479902970007907e-05,-0.02991315882535174,-0.015062027347722662
MinHourlyMeanWindspeed,0.03173579860122309,-0.02346795501411705,-0.02268926045886015,0.011145787472237255,-0.025021132328020407,-0.029736292133871464,-0.04084488648775527,0.09971553405694762,0.025356199165276865,-0.015231289555489953,-0.03280818044623446,0.09336449346748019,-0.03526100056945096,-0.03366780873375293,0.0013488485728374484,0.003072764349270399,-0.008459977947289426,-0.007670688859413551,0.015469036089086334,-0.0038612573453266573,-0.0389641117655228,0.012917520047182674,-0.008459977947289426,-0.0011407804691772408,-0.0052726271552479605,-0.009654966621741755,-0.005297714983630832,0.000982723652001868,0.0028019914051475663,-0.002234829918963705,-0.12563653728158092,-0.006301922158093386,-0.04161326726106161,0.02467799618762703,-0.011458763554568006,-0.008906699448203511,-0.010968842502994224,-0.014602258915513385,-0.018363966751909978,0.0020236891442931533,0.024574738768751127,0.023294766476334335,0.02813914633725382,0.03651018419856045,-0.01681648779936989,-0.011379482872026656,-0.004896996640871768,0.0195006202505151,-0.0028961174874734623,-0.008234715133731751,-0.04358771534113328,0.24751695708733104,0.21898636296432092,0.20905569921147582,-0.1637506560285589,0.011010524211810395,0.002842257736479341,-0.25632811838657316,-0.02215890751223824,0.8206630476710879,0.657801549555572,-0.049080472285837735,1.0,-0.05375295941624692,-0.05834302639884582,-0.03255275069790777,-0.056751844399895175,-0.034100682901311824,0.18731936593424417,0.10847756131682598
HDMinMeanWindspeed,0.007768070163326981,-0.0003010784957771634,-0.0009777678980044506,0.0027987806423723986,-0.007618199991088106,0.003635740793664722,0.003067730388967436,0.007049325940014259,-0.00271961492495225,-0.0089338655469927,-0.006250375119126407,0.004673845027491469,-0.0034228272059975105,-0.0046790260704997425,-0.008621606859431271,-0.005273865480875376,-0.015538310773599743,-0.004519716621975387,0.0017261756658811603,-0.01775059818327891,-0.008497751065022787,-0.007047246170610122,-0.015538310773599743,-0.01574267251683018,-0.0004155715124310888,0.005583192207346318,-0.014734268922009375,-0.01417030543543533,-0.011343084396253658,-0.011404737476085135,-0.010376732511115533,-0.005694669021261042,-0.01077258524659123,0.009634751152773888,-0.014564436523536445,-0.01307907263552779,-0.013024878027650316,-0.017588419263067572,-0.0035398891726988596,-0.0025478937532116375,-0.021217219294761343,-0.003232025081656725,0.0002879774287591025,-0.011050747051598113,-0.009203738573797655,-0.00696379888341141,-0.006889477359906591,-0.009996968024290821,-0.01119119831258059,-0.011350615938741352,-0.017431337735423855,0.08587538451913608,0.08455176028109831,0.0017594530253966965,-0.03885679718219215,0.019824163335854857,0.3098978761863383,-0.0688799852604898,-0.07995216086539268,0.12850092416720843,0.1107557182448019,-0.3703670326295408,-0.05375295941624692,1.0,-0.015765356205029904,0.0037907415432794286,-0.013246969765731325,0.0034251895258857164,0.018592882882805046,0.005119109388845656
Month,0.25107389934181773,0.06201774481861519,0.053601607245369026,-0.005579461304755006,0.034258657628700145,-0.17581693040382423,-0.004721339488876572,-0.18583025846175388,0.25805878085722983,-0.024614243366875056,0.029193989538861435,-0.26289107023052083,0.050274587446841705,0.046964501106706975,-0.011882857117395146,-0.03725660407161836,0.047468273306154295,0.03668858432538163,-0.011411446732850774,0.04121613722975997,-0.01391760908698023,0.0119674906222689,0.047468273306154295,0.06956539294581454,0.029107989794417304,0.04305473575557482,-0.014109071659255259,0.09806734190505115,0.10226203653830243,-0.01884566669410654,0.20857676014658516,-0.02611713786716357,-0.0025701777655571735,-0.02820410117683122,-0.0022306275187526587,-0.005663649495924319,0.0012228860712515763,-0.002081562877814694,0.023496760037604193,0.02559177021739428,-0.015552134319956898,0.09368851953510189,0.0352577789258249,0.0371745106769533,0.06569194617160107,0.009577252008458145,0.01849736887917376,0.02649647847409767,-0.04512004078851474,0.03424787225233597,0.11909200856357877,0.05842442662881517,0.06674485226653615,0.02911641424884114,0.21667994803391066,0.253531479791672,0.030003461160402388,0.1752799149803317,-0.06470362050999118,-0.11287533293154181,-0.11402381489883791,-0.03133177728339598,-0.05834302639884582,-0.015765356205029904,1.0,-0.00017253062714563165,0.9710099695884653,0.026519371742451715,-0.40826942533585314,-0.09757662845870883
Year,-0.028160288222781542,0.9546589688725446,0.9042376548187007,-0.3856647669678002,0.7430212702963191,0.25063027717926617,0.41063263377487785,0.26689899604537953,0.09795946230790971,0.04329126741438828,0.8193085468847604,0.47024918288823164,0.9435397639542401,0.9323480769171684,0.4236882378839618,0.27438942083657486,-0.3241450923595278,-0.4278227201970005,-0.5418100551473146,-0.27500835480147706,-0.13620271562335706,-0.4168478001033819,-0.3241450923595278,-0.3047938174723954,-0.5813779596885555,-0.5459639747404372,-0.18692821875199156,-0.002087267726729117,-0.08076781166991083,0.5134982945519092,0.10089743465913886,-0.3299168018549609,-0.05721589874415085,-0.5685561351146309,-0.15885327413071826,-0.15216475569324747,-0.12204709315393773,-0.20279775627725039,0.4907036239763146,0.39916342918208697,-0.5673719640062072,0.09671501452636976,0.22999324708039745,-0.23648806038169143,0.7690556486675437,0.7601897105575803,0.495810058496265,0.034076504749478466,0.5552067629145674,0.5700949522430471,0.3276246389160852,0.021242143659592674,0.02401695987437767,-0.025507593697173384,0.05289712403152446,0.04394545104110247,0.004392024194691914,0.048501284198024845,0.011070915321363704,-0.023627731104107416,-0.018609898391834412,0.001069052489454339,-0.03255275069790777,0.0037907415432794286,-0.00017253062714563165,1.0,-0.00022004020896619966,0.99962211327295,0.10243467878989648,0.0962442218547567
Week,0.24923175925121638,0.0596498244642265,0.0508171784312216,-0.0025446032806985515,0.03226327280000368,-0.16906685636949143,-0.0054211713236000485,-0.16674094183097335,0.23460363405158852,-0.023406540625794142,0.027535360149927267,-0.24038954843393465,0.04795830511885941,0.04471740292572355,-0.015978212993581004,-0.040425672870084924,0.04573682358223787,0.03266203664373936,-0.015400803013151654,0.04040347957646208,-0.013701264130327153,0.014544899668527558,0.04573682358223787,0.06826461876037773,0.027030790224545076,0.03996481801902586,-0.011877061256962312,0.09751534085412446,0.100928169186504,-0.016065285317234012,0.20161402862703745,-0.027081582053332234,-0.0016978159206025162,-0.03093051654452677,-0.006199930362640306,-0.010026768173122385,-0.003034683467228936,-0.005222641886940549,0.02013333848707768,0.022009087256295676,-0.018199541340485157,0.08672380267429528,0.028992819413763807,0.03269633013062123,0.06183178035823874,0.007692768739046118,0.013335797019725105,0.02252525690898096,-0.04512735008359471,0.030231716957388105,0.12036077178962645,0.06100470479967753,0.06839860172062702,0.03310888004384096,0.21492882408176925,0.25283923279700254,0.03482484508126508,0.17234433440861507,-0.06928929329317388,-0.10944314320934263,-0.11021273543219735,-0.036155023248270676,-0.056751844399895175,-0.013246969765731325,0.9710099695884653,-0.00022004020896619966,1.0,0.027268779164160938,-0.4066592805742724,-0.10066288516859052
WeekKey,-0.021293019894626092,0.9559436886659265,0.9052983248887891,-0.3855913100450423,0.7436318633178935,0.2458896488490295,0.4103309237601676,0.2622162548401584,0.10437199497350697,0.042631753819723214,0.8197608090403461,0.4634663211180424,0.9445072331848818,0.9332306193335892,0.42309147355132776,0.2731761416837697,-0.3227673153247681,-0.42676580125687913,-0.5420319381585862,-0.27379545557150314,-0.13652870071854964,-0.41629297928006626,-0.3227673153247681,-0.30280397532964326,-0.5804187389149784,-0.5446623821400526,-0.18718519713850904,0.0005940820108499192,-0.07796339116606313,0.5128657419102426,0.10640203226842325,-0.3305385647202615,-0.057241294509529875,-0.5691949651337133,-0.15896463468940009,-0.15238379823816456,-0.12208513101181041,-0.20286591217678795,0.4910746017312154,0.39962000703457773,-0.5676612759089971,0.09906298005108358,0.2307047028329475,-0.23550134427261218,0.7704693620598166,0.7601185075616623,0.4959922816513733,0.03468302468306547,0.5537598220045413,0.5707140009533228,0.33081138126063514,0.02291118734111679,0.025888220665482013,-0.024587987687718898,0.05878557690337524,0.050879341761786746,0.005347682099564643,0.053220777750101804,0.009162123534612569,-0.026627399254173085,-0.021632587481909247,7.479902970007907e-05,-0.034100682901311824,0.0034251895258857164,0.026519371742451715,0.99962211327295,0.027268779164160938,1.0,0.0912180394363996,0.09344133895442797
sic,-0.12089925308023908,0.1575107512274107,0.19424477440165927,-0.23600299569950153,0.25203103233751756,-0.03150015948020761,0.01572020474407797,0.11477562735269257,0.11640962494914657,-0.18853806420958047,0.21211270443860375,0.22817065552032,0.15219171575182794,0.15678732327799735,0.18796731936281758,0.16767110256546372,-0.2221279311084068,-0.28795639618953006,-0.24935580524361342,-0.17183848125136136,-0.22993933906734051,-0.10886809488357016,-0.2221279311084068,-0.15346028053927557,-0.26533417551177657,-0.32466552924019243,0.07696911902712811,-0.09933757255632347,-0.1481402124665486,0.2711183105128755,-0.42586481282156435,-0.2488778321982148,-0.12910710115853227,-0.22580919751152262,0.08296732267919382,0.07010493415678244,0.07687295512750526,0.10221455200853355,0.2724600153493064,0.25297680335342454,0.13779424457938855,0.26421688518218717,0.117552938588094,0.24083708164596795,0.1791583540297275,0.2490211395645259,0.28537404099405983,0.12564163089839434,0.3516459245084128,0.28172041558571465,-0.011089547806345022,-0.020083658773279042,-0.0525910961571777,0.015041138833285183,-0.480565872679356,-0.4656996264317237,-0.01631693598850544,-0.46201048729858624,0.012144366237565745,0.1941586378644454,0.15194834027801163,-0.02991315882535174,0.18731936593424417,0.018592882882805046,-0.40826942533585314,0.10243467878989648,-0.4066592805742724,0.0912180394363996,1.0,0.18460814354124744
NAO,0.014495378277234367,0.050139013092482275,0.029479935698718124,0.04879124206123926,-0.015999481413175882,0.018786525137492592,0.14763554010689467,0.1516085542890027,-0.02481015116141466,-0.008959625821831341,0.007276153631195945,0.13430478784229882,0.044885815374178205,0.04446009100782707,0.012503273694865962,-0.005005468228149386,0.07691861418588303,0.05366274278173949,0.06696197992156566,0.05776363644998008,-0.07066607976705339,0.13392375290683975,0.07691861418588303,0.11422216184602006,0.058045480790939234,0.07303100375867906,-0.034092686976390105,0.1388097197461815,0.142867396850269,0.018729157287731432,-0.08796738387390932,-0.01888596308694366,-0.093631479638261,0.08633113132972967,-0.07157703588763771,-0.06470472923040879,-0.07311739170652509,-0.07615199527555513,-0.015319245375984652,0.004100304541422564,-0.07679037423442434,-0.00805527944883752,0.038493418102493446,-0.048802820943198245,0.015216669118599778,0.029392935991855818,0.01788601442107833,-0.08335999145741649,-0.05872305112127903,-0.027218257699116993,-0.29076399966399463,-0.049903278356920225,-0.07109339161330282,-0.026946860782168444,-0.20892763682262272,-0.20105574303790907,-0.003797802700850248,-0.20230459108072618,-0.010710086661082655,0.10531558133120347,0.08647968845386865,-0.015062027347722662,0.10847756131682598,0.005119109388845656,-0.09757662845870883,0.0962442218547567,-0.10066288516859052,0.09344133895442797,0.18460814354124744,1.0
